,image,label
0,"[[[101  72  43]
  [155 132 132]
  [169 137 154]
  ...
  [128 146  99]
  [ 75 113  59]
  [ 53  96  37]]

 [[ 83  35  14]
  [116  70  66]
  [144  98 113]
  ...
  [127 144  85]
  [ 72 106  37]
  [ 59 101  35]]

 [[ 79  31   7]
  [ 84  37  11]
  [116  74  63]
  ...
  [ 85 114  39]
  [109 124  67]
  [103 129  75]]

 ...

 [[ 76 116  38]
  [ 77 131  33]
  [ 78 138  27]
  ...
  [105 158  63]
  [123 162  90]
  [133 155  99]]

 [[ 72 114  30]
  [ 77 124  29]
  [ 86 138  33]
  ...
  [ 88 152  45]
  [ 97 151  73]
  [100 142  76]]

 [[ 71 115  23]
  [ 94 120  31]
  [ 93 142  45]
  ...
  [ 79 145  37]
  [ 80 142  46]
  [ 73 128  41]]]",1
1,"[[[239 242 236]
  [145 173 123]
  [ 81 122  28]
  ...
  [202 221 153]
  [108 152  64]
  [136 177 119]]

 [[197 207 197]
  [112 144  78]
  [103 137  43]
  ...
  [206 224 175]
  [121 160  87]
  [156 188 141]]

 [[114 137  99]
  [101 135  45]
  [114 146  48]
  ...
  [173 202 166]
  [137 170 122]
  [123 186  65]]

 ...

 [[  1   1   4]
  [ 10  24  14]
  [ 25  51  24]
  ...
  [ 30  50  42]
  [ 35  57  49]
  [ 32  46  41]]

 [[  1   1   4]
  [ 12  26  18]
  [ 39  69  45]
  ...
  [ 39  81  65]
  [ 42  86  69]
  [ 42  84  68]]

 [[  1   1   4]
  [ 14  23  21]
  [ 61  90  78]
  ...
  [ 46  87  73]
  [ 58  98  82]
  [ 56  97  77]]]",0
2,"[[[233 234 238]
  [236 235 237]
  [234 233 236]
  ...
  [147 178 211]
  [144 176 211]
  [147 177 213]]

 [[234 234 235]
  [239 238 238]
  [241 239 240]
  ...
  [196 209 230]
  [205 217 233]
  [209 219 236]]

 [[229 230 232]
  [233 233 235]
  [240 238 240]
  ...
  [250 250 251]
  [240 241 246]
  [222 229 240]]

 ...

 [[126 116  31]
  [117 109  28]
  [113 109  26]
  ...
  [ 13  19   8]
  [  7  10   7]
  [  5   7   5]]

 [[124 109  32]
  [122 110  30]
  [120 108  29]
  ...
  [  5   8   4]
  [ 17  21  11]
  [ 12  16   9]]

 [[115 107  28]
  [117 107  29]
  [121 111  33]
  ...
  [  4  10   3]
  [  9  14   7]
  [ 15  21  10]]]",0
3,"[[[ 9 11 13]
  [ 8 12 14]
  [ 8 11 15]
  ...
  [ 7  8 10]
  [ 7  8 10]
  [ 6  7  9]]

 [[10 10 11]
  [ 9 11 13]
  [ 9 12 14]
  ...
  [ 7  8  9]
  [ 7  8 10]
  [ 6  8  9]]

 [[ 9 10 10]
  [ 9 11 13]
  [ 9 12 13]
  ...
  [ 7  8 10]
  [ 7  8 10]
  [ 7  8  9]]

 ...

 [[ 5  4  0]
  [ 5  4  0]
  [ 5  4  0]
  ...
  [ 6  5  1]
  [ 5  4  0]
  [ 5  4  0]]

 [[ 5  4  0]
  [ 4  5  0]
  [ 5  4  0]
  ...
  [ 5  4  0]
  [ 5  4  0]
  [ 5  4  0]]

 [[ 4  4  1]
  [ 4  5  0]
  [ 5  4  0]
  ...
  [ 6  4  0]
  [ 5  4  0]
  [ 5  4  0]]]",0
4,"[[[106  83  37]
  [ 95  73  33]
  [ 91  68  33]
  ...
  [172 149 103]
  [170 147 102]
  [165 145 104]]

 [[112  85  37]
  [100  77  36]
  [112  85  45]
  ...
  [181 157 112]
  [173 150 106]
  [157 136  94]]

 [[ 89  68  25]
  [102  74  32]
  [ 99  73  36]
  ...
  [179 158 115]
  [164 143 101]
  [150 128  86]]

 ...

 [[ 66  49  24]
  [ 69  53  29]
  [115  88  45]
  ...
  [149 117  66]
  [156 139  90]
  [177 158 112]]

 [[ 47  35  14]
  [ 59  46  24]
  [100  78  42]
  ...
  [143 119  71]
  [130 117  78]
  [150 136  98]]

 [[ 43  34  15]
  [ 68  52  29]
  [111  85  52]
  ...
  [159 135  85]
  [131 115  75]
  [129 110  75]]]",0
5,"[[[150 161 179]
  [168 181 202]
  [187 200 218]
  ...
  [138 138 136]
  [134 134 134]
  [128 131 132]]

 [[140 149 161]
  [172 186 202]
  [192 204 221]
  ...
  [145 146 144]
  [142 144 143]
  [137 141 141]]

 [[126 136 145]
  [170 179 189]
  [197 206 221]
  ...
  [152 154 153]
  [151 153 152]
  [149 152 151]]

 ...

 [[ 22  24  15]
  [ 11  14   6]
  [  5   8   3]
  ...
  [100 101  89]
  [190 191 178]
  [214 215 205]]

 [[ 33  34  25]
  [ 16  19  10]
  [  7  10   5]
  ...
  [ 80  82  71]
  [173 173 162]
  [244 244 238]]

 [[ 56  57  52]
  [ 45  48  39]
  [ 32  36  29]
  ...
  [ 70  72  61]
  [144 143 135]
  [213 212 206]]]",1
6,"[[[133 163  75]
  [ 98 120  44]
  [108 132  47]
  ...
  [ 96 138  97]
  [ 96 146 109]
  [ 81 132 101]]

 [[ 79 102  39]
  [ 83 112  33]
  [ 76 106  26]
  ...
  [ 99 149  76]
  [ 71 119  62]
  [ 58 106  72]]

 [[ 35  53  27]
  [ 54  74  46]
  [ 35  55  17]
  ...
  [110 157 122]
  [ 72 119  89]
  [ 81 131 108]]

 ...

 [[ 76 108  79]
  [ 70 110  83]
  [ 70 105  84]
  ...
  [ 25  49  21]
  [ 26  53  24]
  [ 27  54  28]]

 [[109 120  97]
  [ 86 116  86]
  [ 71 105  79]
  ...
  [ 17  46  20]
  [ 23  49  28]
  [ 19  33  18]]

 [[ 97 117 100]
  [ 70 108  75]
  [ 75  99  69]
  ...
  [  8  33  12]
  [ 13  35  18]
  [  5  22   5]]]",0
7,"[[[ 63  68  61]
  [ 64  68  60]
  [ 68  71  58]
  ...
  [ 37  47  19]
  [ 50  49  34]
  [ 41  39  33]]

 [[ 65  69  62]
  [ 67  71  63]
  [ 68  73  64]
  ...
  [ 45  53  32]
  [ 46  41  29]
  [ 63  81 101]]

 [[ 67  70  63]
  [ 69  73  65]
  [ 70  75  66]
  ...
  [ 40  45  31]
  [ 58  76  91]
  [ 89 127 166]]

 ...

 [[188 180 163]
  [191 183 167]
  [195 185 169]
  ...
  [ 25  33   7]
  [ 26  32   8]
  [ 20  26   6]]

 [[184 177 163]
  [188 179 165]
  [190 180 165]
  ...
  [  8  10   7]
  [  7   9   6]
  [  9  11   7]]

 [[181 172 158]
  [178 170 153]
  [166 158 137]
  ...
  [  7   9   6]
  [  7   9   6]
  [  7   9   6]]]",0
8,"[[[ 43  57  27]
  [ 69  84  41]
  [ 97 112  59]
  ...
  [255 255 255]
  [255 255 255]
  [255 255 255]]

 [[ 48  62  34]
  [ 60  78  38]
  [ 85 101  46]
  ...
  [255 255 255]
  [255 255 255]
  [255 255 255]]

 [[ 56  69  49]
  [ 56  71  42]
  [ 74  86  60]
  ...
  [255 255 255]
  [255 255 255]
  [254 255 255]]

 ...

 [[ 78  95  50]
  [ 69  88  41]
  [ 67  87  38]
  ...
  [ 14  88 125]
  [ 16  90 128]
  [121 137 150]]

 [[ 81  98  58]
  [ 84 100  54]
  [ 81  97  41]
  ...
  [ 76 110 129]
  [ 45  98 126]
  [ 39  99 131]]

 [[ 74  91  47]
  [ 78  92  47]
  [ 81  94  44]
  ...
  [153 132 129]
  [125 126 130]
  [ 71 100 120]]]",0
9,"[[[ 9  9  5]
  [10  9  6]
  [ 9  9  6]
  ...
  [ 8  9  6]
  [ 8  8  6]
  [ 8  8  6]]

 [[ 9  8  6]
  [ 9  9  5]
  [ 9  9  5]
  ...
  [ 9  9  6]
  [ 8  8  6]
  [ 8  8  6]]

 [[ 9  8  5]
  [ 9  9  5]
  [ 9  9  6]
  ...
  [ 9  9  6]
  [ 9  8  6]
  [ 8  8  6]]

 ...

 [[19 36 21]
  [22 42 24]
  [24 44 26]
  ...
  [14 29 18]
  [15 29 18]
  [13 25 13]]

 [[ 7  9  4]
  [11 15  6]
  [12 26 13]
  ...
  [19 34 20]
  [24 39 23]
  [20 33 20]]

 [[ 5  4  2]
  [11 14  6]
  [12 28 13]
  ...
  [14 21 13]
  [10 16 10]
  [17 31 21]]]",0
10,"[[[ 29  13   5]
  [ 46  20   3]
  [ 59  37  20]
  ...
  [ 87 110 118]
  [ 84 111 118]
  [ 83 110 117]]

 [[ 51  36  28]
  [ 39  15   4]
  [ 44  22   3]
  ...
  [ 86 111 119]
  [ 84 112 120]
  [ 83 111 118]]

 [[ 88  58  38]
  [ 79  41  14]
  [ 37  22  11]
  ...
  [ 86 112 119]
  [ 86 112 119]
  [ 84 112 118]]

 ...

 [[110 116 105]
  [110  92  62]
  [114 131 139]
  ...
  [ 93  92  84]
  [112  76  23]
  [126  92  28]]

 [[ 95 120 134]
  [104 117 115]
  [111 129 149]
  ...
  [ 90  86  79]
  [105  69  20]
  [127  88  23]]

 [[128 141 151]
  [131 142 149]
  [107 130 151]
  ...
  [ 70  55  43]
  [103  69  19]
  [123  85  19]]]",0
11,"[[[144 142 126]
  [148 145 129]
  [164 160 142]
  ...
  [171 171 157]
  [167 168 156]
  [168 168 156]]

 [[148 146 129]
  [154 151 135]
  [168 165 147]
  ...
  [164 160 142]
  [162 160 142]
  [177 174 157]]

 [[152 150 134]
  [160 157 140]
  [172 169 149]
  ...
  [151 145 124]
  [153 148 128]
  [166 162 144]]

 ...

 [[152 150 136]
  [137 134 119]
  [125 121 108]
  ...
  [179 174 146]
  [174 168 141]
  [185 181 156]]

 [[148 147 133]
  [138 136 122]
  [137 133 120]
  ...
  [186 183 160]
  [184 180 155]
  [190 185 158]]

 [[148 149 132]
  [141 139 123]
  [154 152 137]
  ...
  [168 166 146]
  [174 168 142]
  [183 177 149]]]",0
12,"[[[231 216 218]
  [230 213 216]
  [230 216 216]
  ...
  [169 170 164]
  [167 168 163]
  [167 167 162]]

 [[234 222 222]
  [232 218 219]
  [232 219 219]
  ...
  [170 171 165]
  [170 170 165]
  [167 168 163]]

 [[231 217 218]
  [234 222 221]
  [232 219 219]
  ...
  [172 173 167]
  [172 173 167]
  [168 169 164]]

 ...

 [[ 32  31  29]
  [ 33  32  28]
  [ 34  33  30]
  ...
  [141 143 137]
  [134 135 129]
  [126 126 120]]

 [[ 30  29  27]
  [ 32  31  28]
  [ 32  31  28]
  ...
  [138 140 135]
  [131 132 127]
  [122 122 117]]

 [[ 31  30  27]
  [ 32  31  29]
  [ 31  31  29]
  ...
  [134 136 131]
  [128 129 123]
  [119 118 113]]]",1
13,"[[[254 254 243]
  [255 255 246]
  [255 255 253]
  ...
  [189 119  40]
  [207 131  41]
  [210 135  47]]

 [[254 244 189]
  [254 246 201]
  [254 250 222]
  ...
  [198 125  43]
  [214 136  43]
  [213 138  48]]

 [[238 207 133]
  [239 207 137]
  [246 218 148]
  ...
  [203 127  40]
  [221 138  42]
  [217 138  46]]

 ...

 [[104  56  21]
  [ 89  42  13]
  [100  49  16]
  ...
  [ 86  52  23]
  [ 88  54  24]
  [ 92  57  26]]

 [[108  55  18]
  [110  57  19]
  [127  70  27]
  ...
  [110  69  33]
  [111  71  34]
  [108  68  32]]

 [[135  76  31]
  [141  82  35]
  [156  96  45]
  ...
  [127  81  40]
  [120  77  38]
  [129  84  43]]]",
14,"[[[195 180  70]
  [190 176  67]
  [198 183  71]
  ...
  [202 190  83]
  [202 190  82]
  [201 189  81]]

 [[160 153  53]
  [168 160  59]
  [179 169  63]
  ...
  [203 191  83]
  [202 189  82]
  [201 189  81]]

 [[129 131  46]
  [143 139  50]
  [145 142  52]
  ...
  [203 191  83]
  [202 190  82]
  [201 189  81]]

 ...

 [[ 44  40  41]
  [ 16  32  60]
  [  9  21  50]
  ...
  [124 122  34]
  [121 120  35]
  [121 120  37]]

 [[ 18  21  27]
  [ 12  18  35]
  [  8  14  34]
  ...
  [129 126  40]
  [127 125  41]
  [129 126  44]]

 [[ 11  15  27]
  [  9  15  34]
  [  7  14  33]
  ...
  [125 122  40]
  [129 124  42]
  [138 133  47]]]",0
15,"[[[ 15  12   9]
  [ 15  11   8]
  [ 16  11   8]
  ...
  [218 236 251]
  [194 215 238]
  [170 196 219]]

 [[ 16  11   8]
  [ 15  11   8]
  [ 14  10   7]
  ...
  [210 230 248]
  [181 204 229]
  [155 183 209]]

 [[ 14  11   8]
  [ 14  10   7]
  [ 12   8   6]
  ...
  [206 225 247]
  [179 201 225]
  [156 180 209]]

 ...

 [[  3   6  13]
  [  3   6  13]
  [  2   6  12]
  ...
  [105 104 104]
  [102  99  99]
  [ 92  87  83]]

 [[  3   6  13]
  [  3   6  13]
  [  2   5  12]
  ...
  [ 93  92  97]
  [ 64  63  68]
  [ 56  55  57]]

 [[  2   5  11]
  [  2   5  12]
  [  2   4  12]
  ...
  [ 68  70  76]
  [ 40  43  51]
  [ 28  30  35]]]",1
16,"[[[ 99  85  60]
  [105  92  69]
  [ 98  85  59]
  ...
  [146 140 143]
  [145 140 145]
  [142 137 141]]

 [[ 98  84  59]
  [101  87  62]
  [ 94  79  52]
  ...
  [143 137 141]
  [145 140 145]
  [145 140 145]]

 [[ 96  82  55]
  [ 95  79  50]
  [ 89  70  42]
  ...
  [144 138 142]
  [144 138 143]
  [146 140 146]]

 ...

 [[108 103 102]
  [111 107 106]
  [114 110 109]
  ...
  [ 83  81  75]
  [ 57  56  52]
  [ 35  35  33]]

 [[109 106 106]
  [109 106 105]
  [116 113 112]
  ...
  [ 88  85  78]
  [ 60  59  54]
  [ 45  44  41]]

 [[108 106 107]
  [109 108 107]
  [112 110 108]
  ...
  [ 81  77  71]
  [ 65  64  59]
  [ 48  47  44]]]",1
17,"[[[  7   5  10]
  [  8   6  11]
  [  7   6  11]
  ...
  [ 57  42  54]
  [ 51  38  52]
  [ 49  36  46]]

 [[  8   6  11]
  [  7   5  11]
  [  8   6  11]
  ...
  [ 64  51  62]
  [ 55  42  56]
  [ 52  37  50]]

 [[  6   5   9]
  [  7   6   9]
  [  8   6   8]
  ...
  [ 69  58  71]
  [ 62  50  66]
  [ 55  45  57]]

 ...

 [[215 217 219]
  [217 219 221]
  [216 217 217]
  ...
  [ 42  38  55]
  [ 43  38  59]
  [ 41  38  56]]

 [[209 212 215]
  [210 212 214]
  [210 212 212]
  ...
  [ 39  34  52]
  [ 40  36  56]
  [ 38  35  54]]

 [[199 201 206]
  [205 208 211]
  [206 208 210]
  ...
  [ 39  35  52]
  [ 36  32  49]
  [ 38  35  49]]]",1
18,"[[[156 193 238]
  [158 196 240]
  [161 198 243]
  ...
  [ 69  61  53]
  [ 46  40  35]
  [ 52  48  42]]

 [[161 198 243]
  [163 200 244]
  [165 202 246]
  ...
  [ 78  69  60]
  [ 55  48  42]
  [ 51  48  42]]

 [[166 201 246]
  [168 203 247]
  [170 204 249]
  ...
  [ 83  73  62]
  [ 70  60  53]
  [ 53  49  44]]

 ...

 [[202 200 195]
  [204 203 197]
  [204 202 197]
  ...
  [223 224 219]
  [223 223 219]
  [222 223 220]]

 [[196 194 189]
  [195 192 188]
  [197 196 190]
  ...
  [221 222 219]
  [219 219 217]
  [216 218 215]]

 [[192 188 184]
  [192 190 186]
  [190 189 183]
  ...
  [211 210 209]
  [209 207 206]
  [199 195 195]]]",0
19,"[[[14 25 13]
  [15 25 14]
  [19 33 23]
  ...
  [13 14 10]
  [14 15 11]
  [17 19 11]]

 [[12 23 11]
  [12 23 11]
  [18 33 23]
  ...
  [14 15  9]
  [17 19 12]
  [18 23 12]]

 [[12 22 10]
  [13 24 12]
  [17 32 22]
  ...
  [23 25 19]
  [21 27 14]
  [20 26 15]]

 ...

 [[22 34 22]
  [27 41 23]
  [37 53 26]
  ...
  [16 24 10]
  [20 29 18]
  [51 59 53]]

 [[22 31 20]
  [19 26 13]
  [21 28 14]
  ...
  [22 31 19]
  [37 46 37]
  [47 54 49]]

 [[16 23 11]
  [16 22 11]
  [20 26 15]
  ...
  [24 33 22]
  [60 66 61]
  [63 67 63]]]",0
20,"[[[ 67 189 254]
  [ 68 190 253]
  [ 68 191 253]
  ...
  [ 80 196 250]
  [ 83 196 249]
  [ 85 197 250]]

 [[ 67 189 253]
  [ 68 190 253]
  [ 69 191 253]
  ...
  [ 77 196 253]
  [ 77 196 253]
  [ 76 195 253]]

 [[ 67 189 253]
  [ 68 190 253]
  [ 68 191 253]
  ...
  [ 78 196 253]
  [ 75 196 253]
  [ 75 196 253]]

 ...

 [[ 64 187 254]
  [ 65 187 254]
  [ 65 188 254]
  ...
  [ 68 192 253]
  [ 68 192 253]
  [ 68 192 253]]

 [[ 64 187 253]
  [ 64 187 253]
  [ 64 187 254]
  ...
  [ 68 192 252]
  [ 68 192 253]
  [ 68 191 253]]

 [[ 63 187 253]
  [ 63 187 253]
  [ 64 187 254]
  ...
  [ 68 192 252]
  [ 68 191 253]
  [ 68 191 253]]]",0
21,"[[[  7  10   2]
  [ 14  22   3]
  [  6   6   2]
  ...
  [ 27  31  18]
  [ 39  45  32]
  [ 40  46  33]]

 [[  8   9   3]
  [ 14  20   3]
  [  7   8   2]
  ...
  [ 44  48  33]
  [ 55  61  44]
  [ 56  62  45]]

 [[  6   8   2]
  [ 10  14   3]
  [  7   8   3]
  ...
  [ 43  49  36]
  [ 46  53  39]
  [ 46  53  38]]

 ...

 [[ 58  51  34]
  [100  95  95]
  [117 115 119]
  ...
  [  6   9   9]
  [ 41  41  43]
  [ 80  69  62]]

 [[ 55  49  37]
  [104  98  97]
  [171 170 176]
  ...
  [  5   9   9]
  [  6   8   8]
  [ 14  14  13]]

 [[ 54  52  43]
  [133 130 137]
  [197 193 199]
  ...
  [ 10  14  10]
  [  7   9   8]
  [  5   7   6]]]",0
22,"[[[ 99 128  63]
  [ 95 127  60]
  [ 95 129  64]
  ...
  [182 196 161]
  [167 178 138]
  [183 195 170]]

 [[ 90 129  52]
  [ 95 125  69]
  [117 132  85]
  ...
  [173 194 167]
  [181 197 174]
  [184 195 176]]

 [[ 87 127  53]
  [ 71 112  42]
  [111 125  82]
  ...
  [137 171 124]
  [151 169 134]
  [159 174 143]]

 ...

 [[ 81 110  42]
  [ 79 108  41]
  [ 87 116  54]
  ...
  [137 154 113]
  [137 150 110]
  [117 143  77]]

 [[ 61  99  29]
  [ 66  99  36]
  [ 71 105  39]
  ...
  [114 142  85]
  [119 146  91]
  [ 97 130  55]]

 [[ 70 107  39]
  [ 64  81  38]
  [ 69  90  40]
  ...
  [104 148  76]
  [109 150  83]
  [ 99 135  63]]]",0
23,"[[[196 206 203]
  [175 185 181]
  [181 191 192]
  ...
  [236 249 250]
  [233 247 248]
  [231 245 246]]

 [[195 205 201]
  [175 185 181]
  [180 190 191]
  ...
  [234 248 249]
  [233 245 247]
  [232 244 247]]

 [[193 202 197]
  [174 183 178]
  [178 189 188]
  ...
  [232 243 247]
  [230 241 246]
  [230 241 246]]

 ...

 [[215 220 207]
  [194 198 184]
  [195 203 196]
  ...
  [ 36  33  41]
  [ 42  37  44]
  [ 40  36  44]]

 [[215 221 207]
  [194 198 184]
  [196 203 197]
  ...
  [ 39  34  41]
  [ 38  34  42]
  [ 33  30  40]]

 [[214 221 207]
  [194 198 184]
  [195 202 196]
  ...
  [ 37  31  41]
  [ 35  30  40]
  [ 33  29  40]]]",1
24,"[[[145 171 133]
  [167 186 163]
  [207 214 200]
  ...
  [ 52  38  28]
  [ 50  37  27]
  [ 48  35  26]]

 [[166 183 157]
  [134 162 135]
  [137 160 138]
  ...
  [ 52  38  28]
  [ 50  37  27]
  [ 48  35  25]]

 [[196 205 186]
  [196 206 190]
  [158 176 159]
  ...
  [ 51  38  27]
  [ 50  36  26]
  [ 47  35  24]]

 ...

 [[213 227 233]
  [207 221 224]
  [208 220 218]
  ...
  [ 44  37  34]
  [ 44  36  33]
  [ 42  36  33]]

 [[192 202 216]
  [217 227 233]
  [231 239 235]
  ...
  [ 48  41  38]
  [ 46  38  36]
  [ 44  37  34]]

 [[193 201 213]
  [227 238 248]
  [231 239 246]
  ...
  [ 50  43  40]
  [ 45  37  35]
  [ 45  36  35]]]",1
25,"[[[121 114  92]
  [132 125 100]
  [141 135 107]
  ...
  [  8   8   6]
  [  9  11   8]
  [ 24  26  27]]

 [[128 121  95]
  [138 131 104]
  [147 139 111]
  ...
  [  7   8   5]
  [  7   8   5]
  [ 15  15  16]]

 [[121 113  88]
  [132 125  98]
  [145 138 109]
  ...
  [  7   7   5]
  [  7   7   5]
  [ 12  11  12]]

 ...

 [[101  72  40]
  [112  81  47]
  [118  87  55]
  ...
  [ 51  46  42]
  [ 54  51  46]
  [ 60  59  52]]

 [[119  86  51]
  [121  90  57]
  [132 104  77]
  ...
  [ 79  74  67]
  [ 73  70  63]
  [ 61  57  53]]

 [[128  96  61]
  [132 101  70]
  [142 115  87]
  ...
  [ 70  65  57]
  [ 64  62  56]
  [ 47  46  42]]]",1
26,"[[[ 29  50  29]
  [ 71  90  79]
  [ 86 106  93]
  ...
  [ 38  59  40]
  [ 44  67  45]
  [ 57  77  54]]

 [[ 44  65  45]
  [ 95 109 102]
  [162 172 163]
  ...
  [ 81  94  83]
  [ 48  69  45]
  [ 56  76  54]]

 [[144 156 146]
  [136 148 146]
  [204 209 206]
  ...
  [124 134 123]
  [ 70  89  68]
  [ 60  81  60]]

 ...

 [[ 56  80  41]
  [ 40  61  27]
  [ 29  48  20]
  ...
  [ 17  34  16]
  [ 17  29  13]
  [ 21  33  17]]

 [[ 47  68  38]
  [ 32  49  22]
  [ 18  30  12]
  ...
  [ 19  35  16]
  [ 10  20   9]
  [ 14  24  12]]

 [[ 38  55  31]
  [ 21  34  15]
  [  6  12   3]
  ...
  [ 20  37  18]
  [ 11  24  11]
  [ 14  29  14]]]",0
27,"[[[159 169 179]
  [178 188 198]
  [193 201 207]
  ...
  [248 252 254]
  [252 253 254]
  [255 255 255]]

 [[163 173 185]
  [178 188 200]
  [198 207 216]
  ...
  [255 255 255]
  [255 255 255]
  [255 255 255]]

 [[170 180 192]
  [178 188 200]
  [200 210 221]
  ...
  [255 255 255]
  [255 255 255]
  [255 255 255]]

 ...

 [[ 15  21  19]
  [ 14  21  19]
  [ 13  20  18]
  ...
  [  4   8   7]
  [  3   9   7]
  [  3   9   7]]

 [[  3  13   9]
  [  3  12   9]
  [  3  11   9]
  ...
  [  3   9   7]
  [  3   8   7]
  [  4   8   7]]

 [[  1  10   7]
  [  2   9   7]
  [  3   9   7]
  ...
  [  4   8   7]
  [  4   8   7]
  [  3   9   7]]]",1
28,"[[[  5   8   9]
  [  5   8   9]
  [  5   9   9]
  ...
  [ 61  52  37]
  [ 75  54  18]
  [ 88  66  27]]

 [[  8  13  14]
  [ 15  21  23]
  [ 23  32  33]
  ...
  [ 64  53  40]
  [ 74  53  20]
  [ 85  67  33]]

 [[ 45  63  62]
  [ 64  85  83]
  [ 72  95  92]
  ...
  [ 62  56  57]
  [ 76  55  20]
  [ 82  65  31]]

 ...

 [[ 90 111 100]
  [ 83 102  95]
  [ 74  93  88]
  ...
  [  8  11  14]
  [ 17  20  22]
  [ 21  26  23]]

 [[ 96 119 108]
  [ 97 118 109]
  [ 85 107  99]
  ...
  [  8  11  15]
  [ 16  19  21]
  [ 19  22  22]]

 [[ 97 121 111]
  [ 98 119 112]
  [ 95 118 109]
  ...
  [  9  12  15]
  [ 16  18  19]
  [ 17  21  21]]]",1
29,"[[[ 63  36  16]
  [ 80  53  25]
  [ 92  67  36]
  ...
  [102  80  49]
  [104  81  50]
  [100  76  48]]

 [[ 63  36  16]
  [ 79  54  25]
  [ 91  66  35]
  ...
  [105  82  51]
  [106  82  53]
  [105  81  53]]

 [[ 61  34  16]
  [ 78  53  24]
  [ 89  63  33]
  ...
  [106  83  53]
  [107  84  55]
  [107  83  55]]

 ...

 [[102  85  63]
  [110  94  74]
  [122 107  89]
  ...
  [ 32   9   6]
  [ 32   9   6]
  [ 39  12   8]]

 [[ 97  79  55]
  [ 96  78  55]
  [100  82  60]
  ...
  [ 31   8   5]
  [ 29   8   5]
  [ 31   8   6]]

 [[104  85  60]
  [101  82  57]
  [ 99  81  57]
  ...
  [ 33   9   6]
  [ 31   7   6]
  [ 27   6   5]]]",1
30,"[[[ 92 134  59]
  [ 30  66  29]
  [ 18  46  11]
  ...
  [ 39  83  12]
  [ 25  59   8]
  [ 17  57  13]]

 [[ 64 102  71]
  [ 30  70  24]
  [ 39  73  25]
  ...
  [ 35  91  10]
  [ 17  63   5]
  [  8  41   6]]

 [[ 19  64  15]
  [ 24  74  15]
  [ 32  70  22]
  ...
  [ 25  70   9]
  [ 22  60  12]
  [ 25  51  13]]

 ...

 [[167 181  92]
  [159 177  76]
  [157 177  61]
  ...
  [ 28  63   5]
  [ 49  82  14]
  [ 94 116  35]]

 [[137 170  68]
  [114 151  40]
  [ 96 136  22]
  ...
  [ 25  60   5]
  [ 31  64   6]
  [ 46  68   9]]

 [[135 176  60]
  [ 96 139  27]
  [125 153  50]
  ...
  [ 18  44   4]
  [ 27  54   6]
  [ 41  59   7]]]",0
31,,0.0
32,"[[[180 181 175]
  [186 187 185]
  [192 193 192]
  ...
  [ 91  82  71]
  [ 89  79  68]
  [ 84  75  66]]

 [[152 151 146]
  [152 153 150]
  [153 154 150]
  ...
  [ 82  69  62]
  [ 80  68  60]
  [ 78  63  56]]

 [[120 118 111]
  [119 119 110]
  [119 117 114]
  ...
  [ 70  59  54]
  [ 69  57  53]
  [ 66  54  54]]

 ...

 [[ 21  24  26]
  [ 21  25  29]
  [ 21  23  28]
  ...
  [ 19  22  27]
  [ 22  21  27]
  [ 22  21  27]]

 [[ 21  22  29]
  [ 23  25  30]
  [ 21  23  32]
  ...
  [ 64  19  24]
  [ 70  19  24]
  [ 78  19  23]]

 [[ 20  22  27]
  [ 21  24  31]
  [ 20  22  32]
  ...
  [ 49  18  25]
  [ 59  19  24]
  [ 56  19  24]]]",1
33,"[[[255 255 255]
  [255 255 255]
  [255 255 255]
  ...
  [133  88  46]
  [136  93  53]
  [161 109  61]]

 [[255 255 255]
  [255 255 255]
  [255 255 255]
  ...
  [132  86  45]
  [134  91  51]
  [159 107  58]]

 [[255 255 255]
  [255 255 255]
  [255 255 255]
  ...
  [127  84  43]
  [129  87  48]
  [158 104  55]]

 ...

 [[239 180 120]
  [238 177 116]
  [240 177 116]
  ...
  [110  73  38]
  [ 74  49  23]
  [ 65  43  20]]

 [[235 175 115]
  [236 175 114]
  [238 177 115]
  ...
  [120  81  45]
  [ 79  52  26]
  [ 69  45  21]]

 [[233 172 114]
  [235 173 113]
  [236 175 113]
  ...
  [123  84  47]
  [ 79  52  26]
  [ 70  46  22]]]",1
34,"[[[183 117  47]
  [185 117  45]
  [183 115  43]
  ...
  [ 46  21   8]
  [ 43  15   7]
  [ 59  18   8]]

 [[180 113  44]
  [184 116  44]
  [182 114  42]
  ...
  [ 45  21   8]
  [ 42  16   6]
  [ 55  20   7]]

 [[178 110  40]
  [180 110  41]
  [180 109  39]
  ...
  [ 43  19   7]
  [ 42  17   6]
  [ 46  18   7]]

 ...

 [[ 96  16   5]
  [ 70  15   4]
  [ 62  15   5]
  ...
  [102  66  33]
  [ 78  54  33]
  [ 36  25  18]]

 [[ 84  15   4]
  [ 67  14   3]
  [ 68  16   5]
  ...
  [144  94  45]
  [ 86  58  32]
  [ 32  22  15]]

 [[ 74  14   3]
  [ 65  14   3]
  [ 70  15   4]
  ...
  [153  98  47]
  [107  70  35]
  [ 30  20  13]]]",1
35,"[[[174 161 182]
  [187 130 165]
  [186 133 170]
  ...
  [ 52  49  56]
  [ 51  48  56]
  [ 50  48  55]]

 [[190 188 206]
  [177 134 165]
  [185 126 165]
  ...
  [ 54  52  61]
  [ 56  52  62]
  [ 54  53  61]]

 [[208 211 230]
  [178 160 185]
  [186 129 166]
  ...
  [ 58  55  63]
  [ 59  55  64]
  [ 58  57  67]]

 ...

 [[149 151 132]
  [149 150 130]
  [148 150 129]
  ...
  [165 167 151]
  [167 167 151]
  [166 167 149]]

 [[151 152 133]
  [149 151 130]
  [148 151 129]
  ...
  [165 167 150]
  [166 167 151]
  [165 166 150]]

 [[151 152 134]
  [151 152 131]
  [150 151 129]
  ...
  [165 167 149]
  [164 166 148]
  [162 164 145]]]",1
36,"[[[ 57  72 130]
  [ 55  71 130]
  [ 52  69 128]
  ...
  [233 220 224]
  [221 209 217]
  [206 196 212]]

 [[ 53  69 129]
  [ 51  68 128]
  [ 46  65 129]
  ...
  [253 249 248]
  [249 241 242]
  [238 226 231]]

 [[ 48  65 129]
  [ 45  64 129]
  [ 42  61 128]
  ...
  [254 252 253]
  [254 252 253]
  [254 251 251]]

 ...

 [[  2   3   2]
  [  2   4   2]
  [  2   3   1]
  ...
  [  2   2   1]
  [  2   2   2]
  [  2   2   2]]

 [[  1   0   0]
  [  0   1   0]
  [  0   1   0]
  ...
  [  0   0   0]
  [  0   0   0]
  [  0   0   0]]

 [[  0   0   0]
  [  0   0   0]
  [  0   0   0]
  ...
  [  0   0   0]
  [  0   0   0]
  [  0   0   0]]]",0
37,"[[[165 135 116]
  [172 142 121]
  [181 148 127]
  ...
  [110 102  65]
  [109 100  64]
  [104  97  62]]

 [[170 140 126]
  [177 148 130]
  [181 149 128]
  ...
  [109 102  66]
  [110 101  66]
  [109 100  65]]

 [[173 143 126]
  [169 138 118]
  [178 146 126]
  ...
  [111 102  67]
  [109 102  67]
  [111 102  68]]

 ...

 [[127 109 103]
  [ 94  83  71]
  [ 38  37  29]
  ...
  [ 84  93 119]
  [ 84  93 121]
  [ 84  92 120]]

 [[111  94  84]
  [ 79  69  60]
  [ 28  26  20]
  ...
  [ 80  89 117]
  [ 76  87 117]
  [ 78  87 116]]

 [[103  85  76]
  [ 69  59  49]
  [ 30  28  22]
  ...
  [ 77  83 110]
  [ 71  82 114]
  [ 73  81 113]]]",1
38,"[[[255 255 255]
  [222 236 226]
  [182 211 188]
  ...
  [145 198 148]
  [149 200 137]
  [144 197 120]]

 [[252 254 253]
  [251 253 253]
  [248 251 250]
  ...
  [119 172 102]
  [130 185 122]
  [114 172 102]]

 [[211 244 212]
  [243 252 243]
  [251 254 252]
  ...
  [ 89 136  89]
  [111 161 139]
  [ 70 128  84]]

 ...

 [[162  97 114]
  [169 106 128]
  [164 125 135]
  ...
  [ 31  95  11]
  [ 36 100  11]
  [ 39 105  17]]

 [[165 118 132]
  [130 106 101]
  [ 68  84  43]
  ...
  [ 32  98  12]
  [ 48 111  23]
  [ 54 116  29]]

 [[154 134 131]
  [ 60  97  42]
  [ 32  92  25]
  ...
  [ 29  95  19]
  [ 40 103  18]
  [ 46 109  22]]]",0
39,"[[[17 31 56]
  [22 33 59]
  [25 35 62]
  ...
  [ 1 28 57]
  [ 1 26 56]
  [ 1 22 51]]

 [[25 36 62]
  [28 38 64]
  [30 40 67]
  ...
  [ 1 27 56]
  [ 1 25 55]
  [ 2 21 51]]

 [[32 40 67]
  [34 42 69]
  [35 42 70]
  ...
  [ 1 25 55]
  [ 0 24 54]
  [ 1 21 51]]

 ...

 [[ 0  0  0]
  [ 0  0  0]
  [ 0  0  0]
  ...
  [ 0  0  0]
  [ 0  0  0]
  [ 0  0  0]]

 [[ 0  0  0]
  [ 0  0  0]
  [ 0  0  0]
  ...
  [ 0  0  0]
  [ 0  0  0]
  [ 0  0  0]]

 [[ 0  0  0]
  [ 0  0  0]
  [ 0  0  0]
  ...
  [ 0  0  0]
  [ 0  0  0]
  [ 0  0  0]]]",0
40,,1.0
41,"[[[129 104 102]
  [165 150 158]
  [169 156 161]
  ...
  [141 137 150]
  [152 144 157]
  [161 150 165]]

 [[ 97  73  70]
  [125  99  95]
  [102  76  68]
  ...
  [139 135 145]
  [150 142 153]
  [160 150 164]]

 [[ 96  72  72]
  [139 114 108]
  [100  70  60]
  ...
  [146 133 129]
  [142 135 141]
  [152 142 155]]

 ...

 [[165 147 150]
  [135 124 107]
  [ 97 104 108]
  ...
  [254 254 254]
  [254 254 254]
  [254 254 254]]

 [[157 143 142]
  [166 150 153]
  [126 115 112]
  ...
  [254 254 254]
  [254 254 254]
  [254 254 254]]

 [[195 176 169]
  [159 141 145]
  [167 151 155]
  ...
  [254 254 254]
  [254 254 254]
  [254 254 254]]]",0
42,"[[[122 104  65]
  [124 105  66]
  [125 106  68]
  ...
  [138 104  74]
  [121  88  64]
  [ 87  57  47]]

 [[124 107  66]
  [126 108  68]
  [126 107  68]
  ...
  [145 113  86]
  [137 105  87]
  [119  86  80]]

 [[125 107  65]
  [127 107  67]
  [128 106  68]
  ...
  [151 117  98]
  [148 117 105]
  [138 108 105]]

 ...

 [[145 118  98]
  [140 109  91]
  [133  93  79]
  ...
  [144 105 125]
  [153 124 139]
  [136 101 115]]

 [[114  70  64]
  [107  64  59]
  [109  61  56]
  ...
  [150 120 136]
  [156 133 142]
  [156 135 138]]

 [[102  51  53]
  [112  61  60]
  [110  52  53]
  ...
  [148 119 132]
  [135 106 116]
  [146 124 128]]]",1
43,"[[[ 93  67  47]
  [ 87  65  47]
  [ 89  68  51]
  ...
  [225 227 226]
  [222 225 224]
  [218 223 221]]

 [[ 97  70  49]
  [ 91  67  48]
  [ 91  69  48]
  ...
  [226 228 227]
  [225 227 226]
  [222 225 224]]

 [[100  71  50]
  [ 96  68  47]
  [ 95  67  46]
  ...
  [229 230 230]
  [227 229 228]
  [225 227 226]]

 ...

 [[153 129  93]
  [156 132  95]
  [159 135  97]
  ...
  [ 83  74  50]
  [ 70  60  40]
  [ 61  50  32]]

 [[153 129  93]
  [156 132  96]
  [158 134  97]
  ...
  [149 131  99]
  [140 123  93]
  [131 113  85]]

 [[148 126  89]
  [153 131  94]
  [157 135  98]
  ...
  [161 140 108]
  [156 137 105]
  [151 132 100]]]",1
44,"[[[ 25  32  24]
  [ 36  54  42]
  [ 65  96  80]
  ...
  [ 35  77  58]
  [ 46  82  64]
  [ 63  79  67]]

 [[ 25  35  27]
  [ 44  66  53]
  [ 66  97  82]
  ...
  [ 37  82  61]
  [ 44  85  64]
  [ 59  80  66]]

 [[ 34  48  36]
  [ 58  83  67]
  [ 58  89  75]
  ...
  [ 40  85  66]
  [ 46  88  67]
  [ 63  86  70]]

 ...

 [[ 63  98  73]
  [ 59 100  74]
  [ 58  98  72]
  ...
  [ 50  83  37]
  [ 27  72  69]
  [ 21  73  76]]

 [[ 64  97  74]
  [ 64  98  74]
  [ 62  97  73]
  ...
  [ 56  94  50]
  [ 44  81  61]
  [ 22  71  61]]

 [[ 63  95  71]
  [ 65  96  73]
  [ 64  97  74]
  ...
  [ 52 149  99]
  [ 52 150  98]
  [ 43 140  85]]]",0
45,"[[[119 166 153]
  [119 167 155]
  [119 168 155]
  ...
  [119 170 158]
  [118 170 158]
  [117 170 157]]

 [[121 168 154]
  [122 169 156]
  [123 169 156]
  ...
  [121 172 159]
  [121 172 159]
  [119 171 159]]

 [[124 170 154]
  [125 171 157]
  [126 171 157]
  ...
  [125 173 159]
  [124 173 159]
  [123 173 159]]

 ...

 [[ 10  10   3]
  [  9  11   3]
  [ 10  11   3]
  ...
  [  7   7   2]
  [  4   4   1]
  [  3   5   2]]

 [[  7   6   1]
  [  6   6   1]
  [  6   6   1]
  ...
  [  7   7   1]
  [  4   4   1]
  [  3   3   1]]

 [[  5   5   1]
  [  5   4   1]
  [  6   5   1]
  ...
  [  5   4   1]
  [  3   3   1]
  [  2   2   1]]]",0
46,"[[[245 194 173]
  [246 188 161]
  [250 193 167]
  ...
  [254 242 241]
  [254 247 247]
  [254 252 253]]

 [[251 210 195]
  [251 198 174]
  [251 196 171]
  ...
  [254 249 248]
  [254 250 249]
  [254 253 253]]

 [[251 200 179]
  [252 200 173]
  [253 204 179]
  ...
  [254 254 254]
  [254 254 254]
  [254 254 254]]

 ...

 [[ 60 128 169]
  [ 59 126 166]
  [ 58 125 164]
  ...
  [ 98 132 163]
  [ 82 120 153]
  [ 73 115 149]]

 [[ 65 136 180]
  [ 64 133 176]
  [ 62 130 170]
  ...
  [112 142 168]
  [101 133 160]
  [ 95 129 157]]

 [[ 69 143 189]
  [ 67 139 184]
  [ 64 134 177]
  ...
  [124 151 174]
  [115 144 168]
  [109 140 166]]]",0
47,"[[[ 51  48  37]
  [ 55  55  44]
  [ 51  49  38]
  ...
  [ 40  37  30]
  [ 36  34  24]
  [ 36  35  28]]

 [[ 50  46  35]
  [ 56  54  43]
  [ 58  55  44]
  ...
  [ 41  38  29]
  [ 39  36  26]
  [ 37  35  27]]

 [[ 51  47  36]
  [ 53  48  38]
  [ 61  57  46]
  ...
  [ 33  31  23]
  [ 40  36  27]
  [ 42  39  32]]

 ...

 [[146 142 127]
  [154 148 132]
  [154 148 133]
  ...
  [ 96  74  57]
  [111 100  90]
  [124 114 102]]

 [[147 142 126]
  [153 148 130]
  [153 147 132]
  ...
  [ 94  66  43]
  [102  83  64]
  [118 108  92]]

 [[149 144 128]
  [149 144 126]
  [151 145 129]
  ...
  [ 96  68  44]
  [ 93  66  44]
  [109  94  78]]]",1
48,"[[[178 191 118]
  [192 201 129]
  [201 207 142]
  ...
  [139 148 101]
  [140 148 103]
  [141 150 105]]

 [[172 185 112]
  [185 197 124]
  [198 206 136]
  ...
  [139 149 100]
  [140 149 102]
  [141 150 103]]

 [[171 184 111]
  [182 194 120]
  [195 205 132]
  ...
  [140 149 102]
  [141 150 102]
  [141 151 102]]

 ...

 [[168 173 178]
  [164 169 173]
  [163 169 173]
  ...
  [ 80 134 183]
  [ 80 140 189]
  [ 79 138 187]]

 [[174 178 180]
  [177 181 182]
  [174 178 181]
  ...
  [ 65 121 180]
  [ 57 117 180]
  [ 66 122 178]]

 [[163 171 180]
  [161 169 175]
  [159 164 170]
  ...
  [ 74 124 179]
  [ 73 124 181]
  [ 74 124 178]]]",0
49,"[[[152 155 171]
  [152 156 173]
  [152 157 174]
  ...
  [153 170 186]
  [152 169 185]
  [152 169 185]]

 [[152 155 171]
  [152 156 172]
  [152 157 174]
  ...
  [154 170 186]
  [153 170 186]
  [153 170 186]]

 [[152 156 170]
  [152 157 172]
  [153 158 174]
  ...
  [155 171 187]
  [154 171 187]
  [154 171 186]]

 ...

 [[ 84  81  87]
  [ 92  88  91]
  [ 97  93  95]
  ...
  [ 77  84  91]
  [ 82  90  98]
  [ 79  89  95]]

 [[ 86  83  89]
  [ 87  84  90]
  [ 95  90  94]
  ...
  [ 84  90  96]
  [ 88  93  97]
  [ 90  95  96]]

 [[ 83  81  87]
  [ 77  75  83]
  [ 69  67  75]
  ...
  [ 80  84  91]
  [ 88  92  95]
  [ 92  95  94]]]",0
50,"[[[183 187 185]
  [183 187 186]
  [184 187 186]
  ...
  [197 203 198]
  [197 202 196]
  [196 201 195]]

 [[183 187 186]
  [185 189 188]
  [186 189 188]
  ...
  [198 204 199]
  [198 203 198]
  [197 202 197]]

 [[193 197 195]
  [191 196 196]
  [189 194 194]
  ...
  [199 205 200]
  [199 204 199]
  [198 203 198]]

 ...

 [[ 43  46  43]
  [ 56  58  52]
  [ 54  55  49]
  ...
  [209 211 205]
  [210 213 207]
  [212 217 213]]

 [[ 31  36  33]
  [ 46  48  45]
  [ 67  67  59]
  ...
  [208 210 205]
  [209 212 206]
  [211 216 213]]

 [[ 24  27  23]
  [ 41  44  40]
  [ 71  70  60]
  ...
  [207 209 204]
  [208 210 204]
  [209 215 211]]]",1
51,"[[[158 104  83]
  [161 106  85]
  [162 107  84]
  ...
  [170 120 100]
  [167 121 103]
  [172 127 109]]

 [[158 103  82]
  [160 104  82]
  [162 105  83]
  ...
  [169 118  99]
  [164 117  98]
  [168 121 104]]

 [[158 104  82]
  [161 105  82]
  [162 105  83]
  ...
  [173 123 102]
  [169 122 104]
  [168 122 104]]

 ...

 [[102  68  52]
  [ 44  31  23]
  [ 28  23  20]
  ...
  [163 118 102]
  [163 120 103]
  [166 121 105]]

 [[ 99  67  51]
  [ 38  28  22]
  [ 30  26  23]
  ...
  [161 117 100]
  [164 121 104]
  [168 123 106]]

 [[127  95  72]
  [ 39  29  22]
  [ 30  25  22]
  ...
  [165 122 105]
  [169 126 109]
  [173 128 110]]]",1
52,"[[[0 0 0]
  [0 0 0]
  [0 0 0]
  ...
  [0 0 0]
  [0 0 0]
  [0 0 0]]

 [[0 0 0]
  [0 0 0]
  [0 0 0]
  ...
  [0 0 0]
  [0 0 0]
  [0 0 0]]

 [[0 0 0]
  [0 0 0]
  [0 0 0]
  ...
  [0 0 0]
  [0 0 0]
  [0 0 0]]

 ...

 [[0 0 0]
  [0 0 0]
  [0 0 0]
  ...
  [0 0 0]
  [0 0 0]
  [0 0 0]]

 [[0 0 0]
  [0 0 0]
  [0 0 0]
  ...
  [0 0 0]
  [0 0 0]
  [0 0 0]]

 [[0 0 0]
  [0 0 0]
  [0 0 0]
  ...
  [0 0 0]
  [0 0 0]
  [0 0 0]]]",0
53,"[[[ 8 28 53]
  [14 33 58]
  [19 35 61]
  ...
  [11 16 35]
  [10 16 35]
  [ 9 14 32]]

 [[15 31 57]
  [15 32 58]
  [18 34 60]
  ...
  [13 17 35]
  [13 17 35]
  [13 16 35]]

 [[20 35 61]
  [19 33 59]
  [20 33 59]
  ...
  [16 17 35]
  [16 18 35]
  [15 17 35]]

 ...

 [[ 0  0  0]
  [ 0  0  0]
  [ 0  0  0]
  ...
  [ 0  0  0]
  [ 0  0  0]
  [ 0  0  0]]

 [[ 0  0  0]
  [ 0  0  0]
  [ 0  0  0]
  ...
  [ 0  0  0]
  [ 0  0  0]
  [ 0  0  0]]

 [[ 0  0  0]
  [ 0  0  0]
  [ 0  0  0]
  ...
  [ 0  0  0]
  [ 0  0  0]
  [ 0  0  0]]]",0
54,,0.0
55,"[[[190 234 185]
  [132 187 130]
  [ 44 102  34]
  ...
  [ 30 116  24]
  [ 29 119  28]
  [ 35 125  42]]

 [[213 245 213]
  [155 210 160]
  [ 64 127  60]
  ...
  [ 47 125  39]
  [ 31 122  27]
  [ 31 122  27]]

 [[209 246 215]
  [151 213 167]
  [ 71 137  76]
  ...
  [ 59 129  54]
  [ 37 127  40]
  [ 40 130  41]]

 ...

 [[ 13  46   8]
  [ 18  57  13]
  [ 22  73  21]
  ...
  [ 32 125   8]
  [ 41 132  19]
  [ 38 134  19]]

 [[ 16  66   7]
  [ 12  44   9]
  [ 28  79  24]
  ...
  [ 31 122   7]
  [ 38 127  14]
  [ 34 128  12]]

 [[ 19  75   6]
  [ 17  54  10]
  [ 19  77  10]
  ...
  [ 26 117   3]
  [ 35 124  10]
  [ 29 124   8]]]",0
56,"[[[ 40  32  27]
  [170 142 121]
  [190 162 142]
  ...
  [174 147 128]
  [173 146 127]
  [173 146 127]]

 [[ 47  39  33]
  [175 148 127]
  [189 165 143]
  ...
  [174 148 128]
  [173 147 127]
  [173 145 126]]

 [[ 53  43  37]
  [179 152 132]
  [192 167 147]
  ...
  [173 149 131]
  [174 148 129]
  [174 147 129]]

 ...

 [[ 64  55  48]
  [153 134 122]
  [156 140 128]
  ...
  [138 124 111]
  [137 122 109]
  [137 121 107]]

 [[ 58  49  43]
  [148 132 119]
  [154 139 127]
  ...
  [139 122 109]
  [137 122 109]
  [137 120 106]]

 [[ 46  39  34]
  [123 110  97]
  [135 120 107]
  ...
  [ 86  74  63]
  [ 85  74  63]
  [ 84  71  60]]]",0
57,"[[[255 248 226]
  [255 252 237]
  [254 254 245]
  ...
  [180 140  89]
  [168 127  80]
  [110  77  46]]

 [[255 251 235]
  [254 254 243]
  [254 255 250]
  ...
  [181 141  90]
  [161 121  72]
  [103  71  39]]

 [[254 254 241]
  [254 255 249]
  [255 255 254]
  ...
  [186 145  94]
  [141 105  54]
  [ 76  52  23]]

 ...

 [[158 106  65]
  [168 119  76]
  [160 113  70]
  ...
  [125  65  40]
  [113  60  36]
  [ 84  46  26]]

 [[187 137  92]
  [190 143  96]
  [171 125  79]
  ...
  [122  61  36]
  [118  62  37]
  [107  58  35]]

 [[193 144 102]
  [207 161 115]
  [183 137  90]
  ...
  [122  64  37]
  [118  63  38]
  [110  60  37]]]",1
58,"[[[130 155 209]
  [131 156 210]
  [131 157 210]
  ...
  [133 158 214]
  [133 158 214]
  [133 158 214]]

 [[131 156 210]
  [131 156 210]
  [131 157 211]
  ...
  [134 159 215]
  [134 159 213]
  [133 158 214]]

 [[131 156 210]
  [131 156 210]
  [131 157 211]
  ...
  [134 159 215]
  [133 159 214]
  [134 159 215]]

 ...

 [[127 151 199]
  [128 151 200]
  [127 151 199]
  ...
  [131 155 203]
  [130 154 201]
  [131 155 202]]

 [[127 151 199]
  [127 151 199]
  [126 150 198]
  ...
  [131 155 203]
  [130 154 202]
  [130 154 202]]

 [[127 150 198]
  [127 150 199]
  [126 150 198]
  ...
  [130 154 202]
  [130 154 202]
  [129 154 202]]]",1
59,"[[[ 23  16  11]
  [ 30  21  15]
  [ 45  33  23]
  ...
  [ 14   9   6]
  [ 16  11   7]
  [ 18  13   7]]

 [[ 18  12   8]
  [ 29  21  14]
  [ 59  44  32]
  ...
  [ 14   9   6]
  [ 16  11   7]
  [ 20  13   8]]

 [[ 17  12   8]
  [ 30  23  15]
  [ 73  55  40]
  ...
  [ 15  10   5]
  [ 16  11   7]
  [ 17  12   7]]

 ...

 [[132 110  90]
  [146 124 105]
  [101  79  60]
  ...
  [ 30  23  17]
  [ 64  51  42]
  [ 44  33  25]]

 [[129 109  91]
  [115  91  69]
  [103  78  59]
  ...
  [ 20  15  10]
  [ 33  25  19]
  [ 60  48  38]]

 [[ 85  65  48]
  [ 99  76  56]
  [110  85  63]
  ...
  [ 44  35  28]
  [ 22  15  10]
  [ 54  41  32]]]",1
60,"[[[ 78 116  50]
  [ 82 120  53]
  [ 80 120  52]
  ...
  [ 98 116  89]
  [115 131 105]
  [158 171 135]]

 [[ 82 114  55]
  [ 84 120  55]
  [ 83 120  52]
  ...
  [ 96 114  90]
  [127 143 112]
  [136 156 112]]

 [[104 122  86]
  [ 86 108  59]
  [ 81 111  52]
  ...
  [102 119  96]
  [112 131  90]
  [116 141  86]]

 ...

 [[ 29  38  43]
  [ 29  38  42]
  [ 29  38  43]
  ...
  [ 76  80  78]
  [ 78  81  80]
  [ 81  83  82]]

 [[ 29  36  41]
  [ 28  38  41]
  [ 29  38  43]
  ...
  [ 85  88  85]
  [ 80  83  82]
  [ 80  82  81]]

 [[ 27  37  38]
  [ 28  37  40]
  [ 30  38  43]
  ...
  [ 84  87  86]
  [ 79  81  80]
  [ 69  72  71]]]",0
61,,1.0
62,"[[[  5  27   4]
  [  3  27   3]
  [  3  18   4]
  ...
  [  9  41   5]
  [  5  16   4]
  [  3   5   4]]

 [[  5  10   4]
  [  6  19   4]
  [  2   3   3]
  ...
  [  6  51   4]
  [  8  46   4]
  [  6  18   4]]

 [[  7  15   5]
  [  9  18   5]
  [  6  16   4]
  ...
  [  4  45   4]
  [  6  41   3]
  [  7  24   4]]

 ...

 [[ 75 129  69]
  [ 65 122  53]
  [ 62 120  45]
  ...
  [ 31  63   6]
  [ 25  42   6]
  [ 22  32   5]]

 [[ 76 130  75]
  [ 76 129  69]
  [ 65 123  51]
  ...
  [  4  29   3]
  [  5  24   4]
  [ 18  27   4]]

 [[ 72 129  73]
  [ 76 132  75]
  [ 78 131  72]
  ...
  [ 18  39   9]
  [ 16  32   9]
  [ 10  26   8]]]",0
63,"[[[ 12  20   2]
  [  9  17   3]
  [ 13  20   7]
  ...
  [223 229 232]
  [199 211 215]
  [246 254 252]]

 [[ 15  22   8]
  [  9  19   3]
  [  7  15   3]
  ...
  [217 224 228]
  [186 199 207]
  [224 235 236]]

 [[ 12  21   7]
  [  7  17   2]
  [  7  18   4]
  ...
  [139 153 147]
  [132 148 142]
  [126 144 134]]

 ...

 [[ 56  58  49]
  [ 47  50  43]
  [ 48  50  44]
  ...
  [ 11  16  17]
  [ 10  11   8]
  [ 11  12   7]]

 [[ 65  62  48]
  [ 66  66  55]
  [ 75  75  65]
  ...
  [  9  12  11]
  [  9  11   7]
  [ 11  12   7]]

 [[ 58  54  38]
  [ 72  70  56]
  [ 77  77  67]
  ...
  [ 10  13  11]
  [ 10  12   7]
  [  9  11   5]]]",0
64,"[[[ 93  93  90]
  [ 95  94  92]
  [ 94  95  93]
  ...
  [ 98  97  98]
  [ 98  98  99]
  [106 107 111]]

 [[ 95  94  92]
  [ 95  94  92]
  [ 95  95  93]
  ...
  [ 98  96  96]
  [ 98  98 100]
  [103 105 106]]

 [[ 93  94  92]
  [ 94  94  91]
  [ 93  93  91]
  ...
  [ 97  97  97]
  [ 99 100 102]
  [106 107 109]]

 ...

 [[ 77  79  80]
  [ 77  80  80]
  [ 77  79  78]
  ...
  [ 90  92  95]
  [ 90  90  92]
  [ 88  88  92]]

 [[ 73  74  76]
  [ 75  77  77]
  [ 76  77  77]
  ...
  [ 93  95  99]
  [ 91  93  95]
  [ 86  88  92]]

 [[ 76  77  76]
  [ 77  78  78]
  [ 79  80  79]
  ...
  [ 94  96  99]
  [ 94  96  99]
  [ 83  84  89]]]",0
65,"[[[26 28  7]
  [20 23  4]
  [20 23  4]
  ...
  [88 89 80]
  [89 90 79]
  [88 89 78]]

 [[27 28  7]
  [21 24  4]
  [20 23  4]
  ...
  [91 92 83]
  [92 92 82]
  [91 91 81]]

 [[29 29  9]
  [22 25  4]
  [20 23  3]
  ...
  [90 92 82]
  [95 95 85]
  [95 93 83]]

 ...

 [[ 0  5  1]
  [ 0  5  1]
  [ 0  5  1]
  ...
  [ 1  4  1]
  [ 1  5  2]
  [ 1  5  2]]

 [[ 1  4  1]
  [ 2  4  1]
  [ 2  5  2]
  ...
  [ 1  5  1]
  [ 1  6  2]
  [ 1  6  2]]

 [[ 1  3  0]
  [ 1  4  1]
  [ 9 13 10]
  ...
  [ 2  6  3]
  [ 1  6  2]
  [ 2  7  3]]]",1
66,"[[[255 253 254]
  [255 253 254]
  [255 253 254]
  ...
  [197 178 118]
  [195 177 116]
  [192 176 115]]

 [[255 253 254]
  [255 253 254]
  [255 253 254]
  ...
  [197 178 120]
  [195 176 118]
  [193 174 118]]

 [[255 253 254]
  [255 253 254]
  [255 253 254]
  ...
  [197 177 121]
  [194 174 121]
  [190 171 122]]

 ...

 [[ 94  95  97]
  [102 104 108]
  [115 113 115]
  ...
  [ 68  67  91]
  [ 71  55  80]
  [ 64  51  82]]

 [[ 68  71  69]
  [ 75  79  80]
  [ 82  91  91]
  ...
  [122 103 109]
  [114  84  99]
  [ 97  72 100]]

 [[ 67  86  89]
  [ 62  83  90]
  [ 47  73  82]
  ...
  [147 120 125]
  [142 110 118]
  [133 101 121]]]",1
67,"[[[115 110 111]
  [137 129 129]
  [155 146 145]
  ...
  [159 156 157]
  [141 141 145]
  [121 122 127]]

 [[123 118 120]
  [143 136 136]
  [159 153 150]
  ...
  [167 164 165]
  [151 151 154]
  [130 133 137]]

 [[135 130 130]
  [150 145 141]
  [164 159 153]
  ...
  [173 174 172]
  [160 162 162]
  [141 144 148]]

 ...

 [[197 196 205]
  [208 209 214]
  [215 216 220]
  ...
  [222 224 229]
  [205 208 215]
  [185 189 197]]

 [[190 192 199]
  [203 205 210]
  [213 214 218]
  ...
  [217 220 225]
  [198 202 209]
  [178 182 191]]

 [[183 186 193]
  [197 199 205]
  [208 210 214]
  ...
  [212 215 220]
  [192 196 203]
  [171 176 186]]]",1
68,"[[[191 122  49]
  [207 134  57]
  [205 132  55]
  ...
  [ 38  21   6]
  [ 28  17   3]
  [ 24  16   4]]

 [[201 131  54]
  [215 142  63]
  [214 139  60]
  ...
  [ 39  21   6]
  [ 30  17   4]
  [ 27  16   4]]

 [[211 140  60]
  [223 150  68]
  [222 147  65]
  ...
  [ 40  21   7]
  [ 32  18   5]
  [ 27  16   4]]

 ...

 [[ 10   9   5]
  [ 12  11   6]
  [ 15  11   6]
  ...
  [107  92 104]
  [100  83  94]
  [ 96  80  91]]

 [[  9   8   4]
  [ 10   9   5]
  [ 13  10   5]
  ...
  [100  85  96]
  [ 96  78  87]
  [ 92  74  86]]

 [[  8   7   3]
  [  9   8   4]
  [ 10   9   5]
  ...
  [ 96  82  92]
  [ 93  74  84]
  [ 89  72  82]]]",1
69,"[[[194 190 181]
  [185 179 167]
  [171 163 147]
  ...
  [117 107  95]
  [122 112  99]
  [126 116 102]]

 [[194 190 181]
  [185 179 168]
  [170 163 147]
  ...
  [117 107  94]
  [121 112  98]
  [125 116 101]]

 [[193 189 180]
  [185 179 168]
  [170 162 147]
  ...
  [117 108  93]
  [121 112  97]
  [125 116 101]]

 ...

 [[194 182 159]
  [196 186 162]
  [198 189 164]
  ...
  [164 152 128]
  [158 138 121]
  [154 126 111]]

 [[164 159 142]
  [176 170 148]
  [187 180 154]
  ...
  [114 104 101]
  [110 105 102]
  [120 118 115]]

 [[108 111 107]
  [123 122 110]
  [148 141 116]
  ...
  [105  92  90]
  [115 108 103]
  [123 105 100]]]",1
70,"[[[ 29  41  14]
  [ 35  47  23]
  [ 40  54  31]
  ...
  [ 56  63  48]
  [ 60  71  51]
  [ 43  53  38]]

 [[ 28  41  12]
  [ 34  46  23]
  [ 39  53  30]
  ...
  [ 55  64  48]
  [ 64  75  53]
  [ 62  74  55]]

 [[ 30  43  16]
  [ 34  46  23]
  [ 42  55  34]
  ...
  [ 66  75  60]
  [ 80  86  74]
  [ 77  87  67]]

 ...

 [[ 33  59  11]
  [ 32  59  11]
  [ 34  61  15]
  ...
  [ 89 106  78]
  [ 96 108  90]
  [ 79  83  67]]

 [[ 32  52  14]
  [ 32  58  11]
  [ 37  65  18]
  ...
  [ 88 107  77]
  [ 93 108  86]
  [ 92 101  86]]

 [[ 23  39  10]
  [ 29  51  12]
  [ 39  65  21]
  ...
  [ 82 102  72]
  [ 86 103  77]
  [ 95 107  93]]]",0
71,"[[[ 64  60  54]
  [ 52  37  19]
  [ 87  91  85]
  ...
  [159 174 187]
  [153 164 172]
  [113 118 116]]

 [[ 90  87  89]
  [ 53  39  25]
  [ 70  73  66]
  ...
  [167 189 210]
  [168 186 204]
  [149 164 178]]

 [[ 83  82  83]
  [ 52  39  23]
  [ 53  55  35]
  ...
  [157 180 201]
  [171 187 203]
  [157 174 193]]

 ...

 [[142 150 164]
  [151 162 179]
  [ 98  95 107]
  ...
  [170 171 175]
  [138 134 134]
  [ 94  86  80]]

 [[144 152 164]
  [145 159 177]
  [101  96 111]
  ...
  [112 106 108]
  [109 111 119]
  [ 95  96  93]]

 [[123 124 124]
  [152 156 165]
  [117 105 115]
  ...
  [110 108 108]
  [109 114 122]
  [108 112 106]]]",0
72,"[[[102 158 106]
  [ 88 150 102]
  [ 73 140  80]
  ...
  [127 194 154]
  [140 216 182]
  [166 241 201]]

 [[117 181 136]
  [104 166 122]
  [ 63 138  84]
  ...
  [112 183 138]
  [143 213 180]
  [165 238 201]]

 [[108 181 136]
  [119 183 142]
  [ 67 145 100]
  ...
  [110 186 133]
  [145 222 181]
  [142 226 187]]

 ...

 [[ 21  96  41]
  [ 42 124  68]
  [ 50 145  83]
  ...
  [ 41 122  66]
  [ 57 141  83]
  [ 73 158 105]]

 [[ 19  92  35]
  [ 31  99  47]
  [ 60 148  90]
  ...
  [ 41 129  69]
  [ 65 144  89]
  [ 84 169 118]]

 [[ 29 132  76]
  [ 43 109  60]
  [ 65 145  90]
  ...
  [ 78 156 104]
  [111 201 160]
  [108 205 161]]]",0
73,"[[[  1   2   2]
  [ 29  37  19]
  [ 83  85  25]
  ...
  [209 236 141]
  [218 241 122]
  [225 246 110]]

 [[ 15  20  10]
  [ 69  78  28]
  [ 98  94  27]
  ...
  [203 240 158]
  [216 246 147]
  [223 249 130]]

 [[ 46  64  17]
  [ 93 101  24]
  [103 103  27]
  ...
  [230 252 191]
  [245 253 179]
  [240 254 168]]

 ...

 [[ 75 102  51]
  [ 94 119  53]
  [112 135  52]
  ...
  [255 255 207]
  [255 255 202]
  [254 254 190]]

 [[ 91 110  62]
  [101 120  61]
  [107 130  55]
  ...
  [255 255 218]
  [255 255 218]
  [255 255 209]]

 [[100 124  70]
  [104 127  74]
  [108 130  72]
  ...
  [255 255 208]
  [255 255 234]
  [255 255 241]]]",0
74,"[[[0 0 0]
  [0 0 0]
  [0 0 0]
  ...
  [0 0 0]
  [0 0 0]
  [0 0 0]]

 [[0 0 0]
  [0 0 0]
  [0 0 0]
  ...
  [0 0 0]
  [0 0 0]
  [0 0 0]]

 [[0 0 0]
  [0 0 0]
  [0 0 0]
  ...
  [0 0 0]
  [0 0 0]
  [0 0 0]]

 ...

 [[0 0 0]
  [0 0 0]
  [0 0 0]
  ...
  [0 0 0]
  [0 0 0]
  [0 0 0]]

 [[0 0 0]
  [0 0 0]
  [0 0 0]
  ...
  [0 0 0]
  [0 0 0]
  [0 0 0]]

 [[0 0 0]
  [0 0 0]
  [0 0 0]
  ...
  [0 0 0]
  [0 0 0]
  [0 0 0]]]",0
75,"[[[ 81  66  62]
  [ 64  55  54]
  [104  90  88]
  ...
  [  8  10   7]
  [  5   7   4]
  [ 13  13  11]]

 [[ 67  53  49]
  [ 58  52  51]
  [104  90  88]
  ...
  [  7   9   6]
  [  5   7   4]
  [ 14  15  12]]

 [[ 70  56  51]
  [ 69  62  59]
  [100  87  84]
  ...
  [  9  11   8]
  [  6   8   5]
  [ 16  17  14]]

 ...

 [[203 188 191]
  [198 184 186]
  [199 187 190]
  ...
  [ 79  66  68]
  [ 76  61  62]
  [ 76  62  63]]

 [[210 199 202]
  [205 193 197]
  [199 188 191]
  ...
  [ 78  66  66]
  [ 77  63  64]
  [ 74  61  57]]

 [[207 197 201]
  [204 190 194]
  [200 187 188]
  ...
  [ 76  63  63]
  [ 77  64  64]
  [ 73  60  58]]]",1
76,"[[[176 113  42]
  [180 116  43]
  [184 117  46]
  ...
  [179 115  40]
  [174 110  38]
  [170 106  36]]

 [[180 116  44]
  [183 117  45]
  [186 120  46]
  ...
  [183 117  41]
  [177 114  38]
  [174 110  37]]

 [[183 118  44]
  [186 120  45]
  [189 123  47]
  ...
  [186 120  44]
  [181 117  41]
  [178 113  40]]

 ...

 [[  9   9   7]
  [  9   9   7]
  [  9   9   7]
  ...
  [  8   8   6]
  [  8   8   6]
  [  9   9   7]]

 [[  9   9   7]
  [ 10  10   8]
  [ 10  10   8]
  ...
  [  9   9   7]
  [  9   9   7]
  [  9   9   7]]

 [[ 11  11   9]
  [ 10  10   8]
  [  9   9   7]
  ...
  [  9   9   7]
  [  8   8   6]
  [  8   8   6]]]",0
77,"[[[251 252 254]
  [249 251 255]
  [249 252 255]
  ...
  [251 252 254]
  [251 252 254]
  [251 252 254]]

 [[251 252 255]
  [251 251 255]
  [250 251 255]
  ...
  [251 252 254]
  [251 252 254]
  [251 252 254]]

 [[250 252 255]
  [251 252 254]
  [251 252 254]
  ...
  [251 252 254]
  [251 252 254]
  [251 252 254]]

 ...

 [[246 249 254]
  [246 249 254]
  [246 249 254]
  ...
  [247 250 255]
  [247 250 255]
  [247 250 254]]

 [[246 249 254]
  [246 249 254]
  [246 249 254]
  ...
  [246 249 254]
  [246 250 254]
  [247 250 255]]

 [[246 249 254]
  [246 249 254]
  [246 249 254]
  ...
  [246 249 254]
  [246 249 254]
  [246 249 254]]]",0
78,"[[[  5  23   2]
  [  1  10   1]
  [  1  11   1]
  ...
  [ 16  33   7]
  [ 17  36  15]
  [ 36  54  25]]

 [[  1  10   2]
  [  1   8   1]
  [  1  14   1]
  ...
  [ 19  38  14]
  [  6  19   4]
  [ 15  27   8]]

 [[  2  10   2]
  [  3  15   2]
  [  5  29   2]
  ...
  [ 34  54  27]
  [ 24  46  17]
  [ 13  28   6]]

 ...

 [[ 64 109 193]
  [ 90 131 200]
  [ 95 131 155]
  ...
  [114 117  36]
  [ 99 118  25]
  [ 89 116  29]]

 [[ 72 120 184]
  [103 130 155]
  [ 74 117 142]
  ...
  [103 117  31]
  [ 94 122  37]
  [ 92 115  29]]

 [[ 51  94 110]
  [ 53  84 103]
  [ 69 115 183]
  ...
  [102 121  43]
  [ 93 121  35]
  [104 117  28]]]",0
79,"[[[ 44  47  44]
  [ 64  72  62]
  [ 60  67  57]
  ...
  [ 36  46  38]
  [ 35  46  39]
  [ 36  46  40]]

 [[ 50  56  53]
  [ 55  63  58]
  [ 57  65  59]
  ...
  [ 33  42  34]
  [ 34  42  35]
  [ 34  42  35]]

 [[116 125 133]
  [124 131 142]
  [131 138 150]
  ...
  [ 33  45  44]
  [ 32  43  41]
  [ 31  42  38]]

 ...

 [[ 14  58  24]
  [ 24  74  35]
  [ 22  71  32]
  ...
  [209 213 223]
  [201 208 217]
  [182 189 199]]

 [[ 17  57  27]
  [ 20  74  31]
  [ 16  65  27]
  ...
  [211 215 224]
  [207 212 221]
  [196 202 212]]

 [[ 20  56  31]
  [ 22  68  31]
  [ 11  56  22]
  ...
  [213 218 226]
  [211 215 224]
  [204 209 219]]]",0
80,"[[[ 24  16  26]
  [ 67  61  77]
  [ 77  64  76]
  ...
  [255 255 255]
  [255 255 254]
  [255 255 255]]

 [[ 25  18  27]
  [ 69  64  79]
  [ 89  72  70]
  ...
  [255 255 254]
  [255 255 254]
  [255 255 254]]

 [[ 29  21  33]
  [ 72  66  81]
  [107  83  71]
  ...
  [255 255 255]
  [255 255 254]
  [255 255 253]]

 ...

 [[ 63  53 109]
  [ 64  55 111]
  [ 63  53 108]
  ...
  [254 255 252]
  [255 255 253]
  [255 255 253]]

 [[ 67  58 116]
  [ 66  57 113]
  [ 66  57 112]
  ...
  [254 255 253]
  [255 255 253]
  [255 255 253]]

 [[ 70  61 119]
  [ 70  61 119]
  [ 69  60 117]
  ...
  [254 255 252]
  [255 255 253]
  [252 254 250]]]",0
81,"[[[  4   6   3]
  [  4   4   2]
  [  5   5   3]
  ...
  [ 52  57  55]
  [ 53  59  56]
  [ 51  55  52]]

 [[  4   5   2]
  [  4   5   1]
  [  6   7   4]
  ...
  [ 54  60  57]
  [ 52  58  54]
  [ 49  54  51]]

 [[  4   5   2]
  [  5   5   2]
  [  6   7   4]
  ...
  [ 53  57  54]
  [ 54  59  55]
  [ 50  55  51]]

 ...

 [[ 18  21  16]
  [ 16  19  15]
  [ 11  15  12]
  ...
  [118 132 142]
  [123 142 151]
  [114 131 139]]

 [[ 16  20  16]
  [ 13  18  14]
  [ 12  16  13]
  ...
  [125 139 147]
  [117 134 143]
  [116 133 142]]

 [[ 13  18  14]
  [ 12  16  12]
  [ 14  19  15]
  ...
  [121 137 145]
  [123 140 147]
  [121 137 146]]]",1
82,"[[[ 70 102  38]
  [ 76 106  43]
  [ 49  95  18]
  ...
  [ 10  41   3]
  [ 30  60   5]
  [ 28  94   6]]

 [[116 132  89]
  [ 94 124  73]
  [ 57 104  36]
  ...
  [ 20  68  13]
  [ 33  88  11]
  [ 41 127  10]]

 [[119 141  95]
  [133 151 111]
  [107 141  97]
  ...
  [ 35  92  15]
  [ 35  98  11]
  [ 31 109   9]]

 ...

 [[ 46  87  19]
  [ 69  91  35]
  [ 75 108  39]
  ...
  [156 189 184]
  [ 36  84  30]
  [ 15  78   5]]

 [[ 76  95  42]
  [ 73 102  37]
  [ 65 115  23]
  ...
  [ 79 128  88]
  [ 27  76   6]
  [ 19  72   7]]

 [[ 73 116  41]
  [ 87 136  52]
  [ 69 108  30]
  ...
  [ 29  98  13]
  [ 23  73   4]
  [ 14  65   5]]]",0
83,,0.0
84,"[[[ 70  86  49]
  [ 51  66  34]
  [ 63  77  41]
  ...
  [ 54  75  45]
  [ 64  84  62]
  [ 34  51  33]]

 [[ 44  53  28]
  [ 60  76  36]
  [ 69  84  44]
  ...
  [ 54  76  50]
  [ 45  65  39]
  [ 36  54  31]]

 [[ 39  47  29]
  [ 53  68  33]
  [108 129  69]
  ...
  [ 42  60  39]
  [ 64  82  58]
  [ 42  61  35]]

 ...

 [[ 86 117  66]
  [160 183 138]
  [124 140 110]
  ...
  [160 182 111]
  [162 184 115]
  [163 182 112]]

 [[103 141  87]
  [156 178 156]
  [137 151 135]
  ...
  [171 191 123]
  [166 186 116]
  [172 188 121]]

 [[ 79 125  58]
  [ 77 118  61]
  [ 59  71  55]
  ...
  [166 185 115]
  [172 189 123]
  [178 188 136]]]",0
85,"[[[ 34  32  24]
  [ 35  32  23]
  [ 35  32  24]
  ...
  [146 145 148]
  [146 143 148]
  [141 139 143]]

 [[ 29  29  21]
  [ 30  29  21]
  [ 30  29  23]
  ...
  [155 153 158]
  [153 151 157]
  [144 141 148]]

 [[ 44  43  41]
  [ 49  49  47]
  [ 61  60  61]
  ...
  [156 154 162]
  [154 151 158]
  [150 148 154]]

 ...

 [[120 108  98]
  [127 114 102]
  [132 120 110]
  ...
  [127 115 104]
  [127 116 107]
  [130 118 107]]

 [[115 105 100]
  [126 115 107]
  [132 121 109]
  ...
  [127 116 106]
  [127 116 105]
  [129 116 105]]

 [[116 105  99]
  [125 114 109]
  [129 119 112]
  ...
  [126 115 107]
  [124 115 109]
  [126 116 109]]]",0
86,"[[[127 132 114]
  [129 133 115]
  [132 137 118]
  ...
  [122 122 103]
  [119 119  99]
  [105 102  81]]

 [[121 122 102]
  [126 127 108]
  [129 131 112]
  ...
  [124 125 107]
  [120 119 101]
  [117 115  95]]

 [[123 122 103]
  [124 124 106]
  [126 128 109]
  ...
  [176 174 157]
  [177 173 155]
  [176 172 153]]

 ...

 [[187  89  57]
  [190  86  52]
  [191  84  52]
  ...
  [187  86  56]
  [182  93  67]
  [184  86  59]]

 [[181  93  69]
  [183  91  63]
  [190  81  49]
  ...
  [180 100  77]
  [187  85  55]
  [184  82  52]]

 [[191  79  44]
  [189  84  51]
  [188  78  43]
  ...
  [182  93  69]
  [182  87  60]
  [187  81  49]]]",0
87,"[[[133 133 133]
  [134 134 134]
  [135 135 135]
  ...
  [ 42  42  42]
  [ 51  51  51]
  [ 62  62  62]]

 [[127 127 127]
  [128 128 128]
  [130 130 130]
  ...
  [ 47  47  47]
  [ 58  58  58]
  [ 69  69  69]]

 [[125 125 125]
  [126 126 126]
  [129 129 129]
  ...
  [ 53  53  53]
  [ 65  65  65]
  [ 76  76  76]]

 ...

 [[ 35  35  35]
  [ 23  23  23]
  [ 38  38  38]
  ...
  [127 127 127]
  [141 141 141]
  [144 144 144]]

 [[ 12  12  12]
  [ 13  13  13]
  [ 23  23  23]
  ...
  [136 136 136]
  [143 143 143]
  [142 142 142]]

 [[  9   9   9]
  [ 13  13  13]
  [ 22  22  22]
  ...
  [141 141 141]
  [138 138 138]
  [132 132 132]]]",1
88,"[[[142 122 103]
  [142 122 104]
  [142 122 103]
  ...
  [ 43  34  31]
  [ 42  33  31]
  [ 42  34  32]]

 [[148 130 114]
  [150 129 115]
  [151 130 114]
  ...
  [ 94  83  91]
  [ 54  45  48]
  [ 44  37  35]]

 [[156 137 122]
  [155 136 122]
  [155 135 121]
  ...
  [216 218 221]
  [157 144 162]
  [ 66  56  63]]

 ...

 [[120   7  14]
  [123  10  15]
  [126  12  17]
  ...
  [143  11  16]
  [143  11  16]
  [143  11  15]]

 [[113   4  11]
  [116   5  11]
  [119   6  13]
  ...
  [142  11  15]
  [141  10  16]
  [141  10  16]]

 [[108   3  10]
  [111   4  10]
  [114   4  10]
  ...
  [141  10  15]
  [140  10  14]
  [138  10  14]]]",0
89,"[[[ 10   8   9]
  [ 10   8   9]
  [  9   7   8]
  ...
  [ 54  13  13]
  [ 54  12  13]
  [ 56  12  13]]

 [[ 10   8   9]
  [ 10   8   9]
  [  9   7   8]
  ...
  [ 55  12  13]
  [ 54  12  13]
  [ 56  12  12]]

 [[  9   7   8]
  [  9   7   8]
  [  9   7   8]
  ...
  [ 55  12  13]
  [ 56  13  13]
  [ 58  12  13]]

 ...

 [[157  51  14]
  [160  52  14]
  [161  52  14]
  ...
  [187 188 190]
  [185 186 188]
  [183 184 186]]

 [[160  52  13]
  [160  52  14]
  [161  52  14]
  ...
  [185 186 188]
  [183 185 186]
  [181 183 183]]

 [[161  52  13]
  [161  53  14]
  [162  52  14]
  ...
  [183 184 186]
  [180 182 181]
  [180 181 181]]]",1
90,"[[[104  78  45]
  [ 99  79  47]
  [ 70  68  35]
  ...
  [  2  18   1]
  [  5  23   5]
  [ 48  57  35]]

 [[107  81  51]
  [104  82  51]
  [ 78  72  42]
  ...
  [  1  22   2]
  [  6  26   5]
  [ 52  60  37]]

 [[110  83  53]
  [109  85  56]
  [ 85  78  49]
  ...
  [  2  26   2]
  [  8  31   8]
  [ 55  64  41]]

 ...

 [[147 171  91]
  [143 187  93]
  [117 177  98]
  ...
  [ 98 142 113]
  [ 97 141 109]
  [ 92 137 103]]

 [[114 171  99]
  [103 162  96]
  [106 162 105]
  ...
  [ 98 143 119]
  [ 97 141 114]
  [ 94 139 109]]

 [[103 158 103]
  [ 97 152  97]
  [103 157 104]
  ...
  [100 144 123]
  [ 98 141 119]
  [ 97 140 115]]]",0
91,"[[[ 79 111  80]
  [ 84 120  84]
  [101 139 100]
  ...
  [200 202 214]
  [248 248 250]
  [248 248 249]]

 [[ 79 102  69]
  [ 78 104  73]
  [ 70  98  68]
  ...
  [197 199 205]
  [242 243 247]
  [240 242 247]]

 [[ 69  89  62]
  [ 68  82  64]
  [ 66  77  67]
  ...
  [214 216 223]
  [241 242 246]
  [233 235 242]]

 ...

 [[109 125 101]
  [118 124 110]
  [126 142 132]
  ...
  [ 77  82  69]
  [ 65  70  62]
  [ 44  50  40]]

 [[128 138 128]
  [128 134 129]
  [122 133 130]
  ...
  [112  94  69]
  [ 66  65  50]
  [ 55  69  45]]

 [[108 113 106]
  [ 91 100  91]
  [ 61  65  55]
  ...
  [102  84  67]
  [ 70  63  47]
  [ 67  81  53]]]",0
92,"[[[101  95  84]
  [124 118 107]
  [110 103  94]
  ...
  [ 59  50  44]
  [ 54  46  41]
  [ 52  46  42]]

 [[100  94  83]
  [118 112 105]
  [109 104  97]
  ...
  [ 58  48  43]
  [ 56  47  40]
  [ 55  46  42]]

 [[ 99  95  86]
  [ 68  64  59]
  [ 52  47  42]
  ...
  [ 54  45  42]
  [ 53  44  41]
  [ 54  45  42]]

 ...

 [[ 35  29  30]
  [ 31  25  26]
  [ 28  25  25]
  ...
  [ 44  43  49]
  [ 45  43  49]
  [ 49  46  52]]

 [[ 70  64  69]
  [ 73  67  71]
  [ 76  70  76]
  ...
  [ 31  29  35]
  [ 34  31  38]
  [ 40  38  43]]

 [[ 68  68  77]
  [ 66  66  77]
  [ 68  69  79]
  ...
  [ 34  33  35]
  [ 32  30  33]
  [ 34  33  36]]]",1
93,"[[[164 168 169]
  [163 165 166]
  [159 161 161]
  ...
  [221 223 226]
  [194 207 212]
  [167 185 193]]

 [[155 157 157]
  [149 152 150]
  [143 144 142]
  ...
  [217 219 222]
  [208 218 224]
  [180 196 205]]

 [[149 151 149]
  [144 146 142]
  [139 140 135]
  ...
  [214 216 218]
  [199 209 217]
  [199 212 219]]

 ...

 [[135 136 132]
  [137 138 133]
  [139 139 134]
  ...
  [185 186 188]
  [192 195 199]
  [192 196 201]]

 [[136 138 133]
  [139 140 135]
  [140 141 137]
  ...
  [183 184 186]
  [192 194 199]
  [195 198 202]]

 [[137 138 135]
  [139 140 136]
  [140 141 139]
  ...
  [183 185 187]
  [191 192 196]
  [192 196 199]]]",1
94,"[[[ 55  42  25]
  [ 52  39  21]
  [ 50  39  21]
  ...
  [222 191 134]
  [221 189 130]
  [221 190 133]]

 [[ 53  40  23]
  [ 55  41  22]
  [ 54  41  21]
  ...
  [241 218 155]
  [241 218 155]
  [241 215 150]]

 [[ 39  28  13]
  [ 42  29  14]
  [ 42  28  13]
  ...
  [230 205 147]
  [229 204 148]
  [228 199 141]]

 ...

 [[ 42  29  12]
  [ 30  22   9]
  [ 34  24  10]
  ...
  [221 189 126]
  [189 161 111]
  [236 200 137]]

 [[ 39  27  11]
  [ 26  19   8]
  [ 40  28  12]
  ...
  [230 195 131]
  [181 153 103]
  [223 188 129]]

 [[ 35  24  11]
  [ 28  19   8]
  [ 43  29  12]
  ...
  [204 170 114]
  [171 143  94]
  [181 151  99]]]",0
95,"[[[200 212 226]
  [205 218 235]
  [208 219 236]
  ...
  [193 203 213]
  [187 197 208]
  [188 197 207]]

 [[207 219 232]
  [209 222 237]
  [209 222 238]
  ...
  [196 207 219]
  [197 209 222]
  [199 209 221]]

 [[217 229 242]
  [215 227 241]
  [210 224 239]
  ...
  [205 219 232]
  [206 218 232]
  [207 217 230]]

 ...

 [[ 98  98  93]
  [ 97  97  92]
  [ 98  97  93]
  ...
  [102 102  98]
  [104 103  99]
  [105 102  99]]

 [[ 99  99  94]
  [102 101  96]
  [101 100  96]
  ...
  [105 104 100]
  [106 105 101]
  [107 106 101]]

 [[ 98  97  92]
  [102 102  95]
  [106 105  98]
  ...
  [111 110 106]
  [112 110 106]
  [112 110 104]]]",1
96,"[[[  2  67 254]
  [  2  96 253]
  [  2 106 253]
  ...
  [ 88 167 133]
  [101 181 145]
  [ 95 205 157]]

 [[  2  64 253]
  [  2  95 253]
  [  2 104 253]
  ...
  [ 80 167 131]
  [ 90 169 134]
  [ 91 198 151]]

 [[  2  64 253]
  [  2  92 252]
  [  2 100 253]
  ...
  [ 75 154 118]
  [ 67 148 106]
  [ 71 175 127]]

 ...

 [[  4  15   9]
  [  9  25  18]
  [ 24  55  49]
  ...
  [  5  80 237]
  [  7  63 191]
  [  4  34  86]]

 [[  7  14   9]
  [ 29  43  43]
  [ 66 111 112]
  ...
  [  5  71 119]
  [  3  48  52]
  [  2  37  24]]

 [[  5  10   9]
  [ 35  62  65]
  [ 57 155 151]
  ...
  [ 36 124 107]
  [ 22  97  75]
  [ 10  60  35]]]",0
97,"[[[ 85 102  83]
  [ 59  77  39]
  [ 49  69  31]
  ...
  [ 19  26  10]
  [ 11  18   9]
  [  5  10   2]]

 [[ 86 107  96]
  [ 64  89  66]
  [ 45  67  38]
  ...
  [ 14  21   7]
  [ 14  25  14]
  [ 15  26   6]]

 [[ 98 128 127]
  [110 135 128]
  [ 65  87  58]
  ...
  [ 18  29  13]
  [ 16  28   8]
  [ 18  30   5]]

 ...

 [[238 255 254]
  [239 255 255]
  [233 251 253]
  ...
  [127 140 144]
  [130 154 143]
  [213 234 237]]

 [[237 254 254]
  [237 253 254]
  [234 251 253]
  ...
  [171 186 199]
  [178 196 211]
  [201 220 232]]

 [[236 253 254]
  [234 251 252]
  [234 251 253]
  ...
  [176 196 198]
  [223 241 246]
  [217 237 244]]]",0
98,"[[[  2  43  73]
  [  2  39  68]
  [ 22  82 125]
  ...
  [116 185 254]
  [116 185 254]
  [115 185 254]]

 [[ 39 107 149]
  [  5  50  79]
  [  2  39  70]
  ...
  [116 186 254]
  [116 185 254]
  [116 185 253]]

 [[114 183 241]
  [ 54 117 165]
  [  5  49  81]
  ...
  [117 186 254]
  [117 186 254]
  [116 185 253]]

 ...

 [[113 169 233]
  [114 169 233]
  [114 169 233]
  ...
  [ 43  91 142]
  [ 84 137 198]
  [104 158 222]]

 [[111 167 230]
  [112 168 231]
  [113 168 232]
  ...
  [ 80 132 191]
  [ 40  86 137]
  [ 82 135 195]]

 [[110 165 227]
  [111 166 230]
  [111 166 230]
  ...
  [101 156 220]
  [ 62 110 165]
  [ 29  70 118]]]",0
99,"[[[  2   2   2]
  [  2   2   2]
  [  2   2   1]
  ...
  [  8   8   6]
  [  7   8   3]
  [  7   8   3]]

 [[  2   2   1]
  [  2   2   1]
  [  2   2   0]
  ...
  [  8   8   6]
  [  8   8   5]
  [  8   9   4]]

 [[  2   2   0]
  [  2   2   0]
  [  2   2   0]
  ...
  [  9   9   7]
  [  9   9   6]
  [  9  10   6]]

 ...

 [[ 12  13   8]
  [ 15  16  11]
  [ 20  21  16]
  ...
  [103  62  30]
  [ 92  57  28]
  [ 81  51  25]]

 [[ 12  13   8]
  [ 13  14   9]
  [ 17  18  13]
  ...
  [ 43  30  16]
  [ 40  29  15]
  [ 36  28  14]]

 [[ 14  15  10]
  [ 13  14   9]
  [ 13  14   9]
  ...
  [ 25  20  10]
  [ 22  19   9]
  [ 22  19   8]]]",1
100,"[[[ 21  16  13]
  [ 22  17  14]
  [ 23  18  15]
  ...
  [ 21  16  13]
  [ 21  16  13]
  [ 20  15  12]]

 [[ 23  18  15]
  [ 24  19  16]
  [ 24  19  16]
  ...
  [ 21  16  13]
  [ 21  16  13]
  [ 22  17  14]]

 [[ 23  18  15]
  [ 24  19  16]
  [ 25  20  17]
  ...
  [ 22  17  14]
  [ 23  18  15]
  [ 23  18  15]]

 ...

 [[ 43 106 186]
  [ 86 143 217]
  [138 192 242]
  ...
  [119 193 248]
  [ 97 173 241]
  [ 90 164 235]]

 [[ 55 117 199]
  [112 171 235]
  [125 184 243]
  ...
  [143 209 251]
  [113 183 244]
  [103 175 242]]

 [[117 177 238]
  [148 198 248]
  [123 185 244]
  ...
  [137 203 249]
  [128 195 252]
  [111 186 247]]]",1
101,"[[[136 129 105]
  [141 135 109]
  [133 124 107]
  ...
  [237 233 220]
  [237 232 216]
  [236 233 216]]

 [[174 161 131]
  [173 160 125]
  [141 130 107]
  ...
  [237 233 218]
  [236 232 216]
  [236 231 214]]

 [[174 161 132]
  [170 158 130]
  [137 128 106]
  ...
  [235 232 216]
  [235 231 214]
  [235 230 215]]

 ...

 [[ 24  38  69]
  [ 26  38  72]
  [ 27  45  78]
  ...
  [ 63 104 151]
  [ 70 110 155]
  [ 75 115 158]]

 [[ 23  32  57]
  [ 22  33  54]
  [ 23  37  65]
  ...
  [ 92  80 117]
  [ 92  83 112]
  [ 93  83 116]]

 [[ 21  27  45]
  [ 18  29  49]
  [ 19  29  55]
  ...
  [ 76  81 118]
  [ 81  78 113]
  [ 75  81 121]]]",1
102,"[[[ 22  27  54]
  [ 26  36  77]
  [ 23  36  77]
  ...
  [ 23  36  76]
  [ 15  22  42]
  [  1   1   1]]

 [[ 29  39  83]
  [ 26  44  95]
  [ 28  43  97]
  ...
  [ 28  43  96]
  [ 24  30  69]
  [  2   0   1]]

 [[ 30  43  78]
  [ 29  48  84]
  [ 30  51  83]
  ...
  [ 81  98 129]
  [ 61  71  91]
  [  1   1   1]]

 ...

 [[ 44  63 114]
  [ 91 108 166]
  [ 33  60 138]
  ...
  [ 35  58 139]
  [ 24  36  89]
  [  4   2   1]]

 [[ 25  44 110]
  [ 36  58 129]
  [ 28  52 126]
  ...
  [ 31  54 127]
  [ 23  36  87]
  [  3   0   1]]

 [[ 23  43 108]
  [ 27  45 125]
  [ 23  46 124]
  ...
  [ 24  46 124]
  [ 22  34  85]
  [  2   0   1]]]",1
103,"[[[ 45  54  41]
  [ 67  75  45]
  [ 69  79  42]
  ...
  [ 25  32  19]
  [ 18  23  15]
  [ 21  23  16]]

 [[ 43  52  36]
  [ 52  60  38]
  [ 61  75  41]
  ...
  [ 50  58  33]
  [ 32  38  23]
  [ 26  31  20]]

 [[ 58  67  42]
  [ 77  86  51]
  [ 65  80  45]
  ...
  [ 67  75  42]
  [ 74  83  46]
  [ 62  70  40]]

 ...

 [[108 158  68]
  [118 161  75]
  [112 157  74]
  ...
  [163 188 115]
  [159 182 116]
  [150 175  99]]

 [[106 156  63]
  [105 154  61]
  [108 156  65]
  ...
  [166 185 109]
  [162 182 109]
  [157 183 104]]

 [[100 149  62]
  [ 99 147  58]
  [107 153  67]
  ...
  [156 174  99]
  [152 174  99]
  [131 167  73]]]",0
104,"[[[ 79  78  45]
  [ 79  76  43]
  [ 78  75  42]
  ...
  [103 101  60]
  [ 95  93  54]
  [ 90  84  47]]

 [[ 79  79  45]
  [ 80  78  44]
  [ 78  76  42]
  ...
  [104 102  61]
  [ 97  95  54]
  [ 91  87  49]]

 [[ 80  80  46]
  [ 89  89  54]
  [ 93  92  61]
  ...
  [ 96  92  53]
  [ 94  90  52]
  [ 92  88  50]]

 ...

 [[106 100  55]
  [108 103  60]
  [103  98  53]
  ...
  [106 101  53]
  [106  97  49]
  [107  99  52]]

 [[106 100  57]
  [102  96  49]
  [102  96  48]
  ...
  [107 100  54]
  [106  98  51]
  [107  99  51]]

 [[105 100  55]
  [104  97  51]
  [102  96  49]
  ...
  [108  99  52]
  [107  98  51]
  [107  98  51]]]",0
105,"[[[110 110  92]
  [166 154 122]
  [164 163 124]
  ...
  [ 62  93  73]
  [ 61  92  75]
  [ 57  86  69]]

 [[110 145 107]
  [127 154 114]
  [123 156 119]
  ...
  [ 63  87  68]
  [ 62  87  70]
  [ 62  92  74]]

 [[ 92 129  95]
  [ 87 116  88]
  [115 145 115]
  ...
  [ 64  93  74]
  [ 68  94  78]
  [ 69  91  76]]

 ...

 [[ 79  56  65]
  [ 80  54  61]
  [ 81  53  64]
  ...
  [ 79 102  85]
  [102 129 119]
  [107 136 128]]

 [[ 79  74  81]
  [ 78  60  68]
  [ 88  62  72]
  ...
  [ 91 108  92]
  [110 138 130]
  [109 139 130]]

 [[ 87  78  82]
  [107  82  95]
  [115  83  95]
  ...
  [110 131 115]
  [106 134 123]
  [105 133 117]]]",0
106,"[[[172 179 183]
  [175 183 186]
  [179 186 190]
  ...
  [184 197 205]
  [181 195 202]
  [179 192 200]]

 [[174 180 184]
  [177 183 186]
  [181 186 190]
  ...
  [186 197 205]
  [182 195 203]
  [180 193 201]]

 [[175 180 184]
  [178 183 187]
  [181 186 190]
  ...
  [186 197 204]
  [182 195 203]
  [180 193 201]]

 ...

 [[ 20  19  19]
  [ 28  27  29]
  [ 24  22  26]
  ...
  [ 34  34  39]
  [ 48  48  47]
  [ 72  77  63]]

 [[ 22  21  21]
  [ 32  32  30]
  [ 23  21  24]
  ...
  [ 52  56  63]
  [ 68  69  72]
  [ 77  84  67]]

 [[ 26  25  25]
  [ 48  50  41]
  [ 22  20  22]
  ...
  [ 62  66  73]
  [ 83  84  85]
  [ 74  84  56]]]",
107,,1.0
108,"[[[255 255 255]
  [255 255 255]
  [255 255 255]
  ...
  [203 209 193]
  [188 198 182]
  [175 189 172]]

 [[255 255 255]
  [255 255 255]
  [255 255 255]
  ...
  [167 181 159]
  [166 182 161]
  [161 179 160]]

 [[255 255 255]
  [255 255 255]
  [255 255 255]
  ...
  [153 170 143]
  [148 168 141]
  [146 170 144]]

 ...

 [[ 72  67  64]
  [ 79  74  72]
  [ 82  77  74]
  ...
  [218 220 193]
  [212 213 185]
  [204 207 176]]

 [[ 74  68  65]
  [ 78  74  71]
  [ 81  76  73]
  ...
  [227 228 209]
  [222 223 202]
  [215 217 194]]

 [[ 73  66  65]
  [ 77  72  69]
  [ 78  74  72]
  ...
  [235 233 219]
  [230 228 214]
  [225 223 207]]]",1
109,"[[[220  13 172]
  [220  13 172]
  [220  13 172]
  ...
  [134  45 205]
  [133  45 205]
  [130  47 206]]

 [[220  13 172]
  [220  13 172]
  [220  13 172]
  ...
  [132  46 206]
  [131  47 206]
  [129  48 206]]

 [[220  13 172]
  [220  13 172]
  [220  13 172]
  ...
  [118  45 188]
  [127  47 208]
  [126  48 209]]

 ...

 [[105  55 216]
  [103  56 217]
  [102  57 218]
  ...
  [ 16 105 245]
  [  9 101 249]
  [  0  97 255]]

 [[102  56 217]
  [100  57 218]
  [ 99  58 219]
  ...
  [  5  96 246]
  [  6  96 247]
  [  6  96 247]]

 [[100  58 219]
  [ 99  58 219]
  [ 94  60 219]
  ...
  [108 134 170]
  [ 78 109 154]
  [ 99 125 167]]]",1
110,"[[[190 165 143]
  [188 163 140]
  [189 166 142]
  ...
  [ 26  11   2]
  [ 24  11   2]
  [ 24  10   2]]

 [[190 166 144]
  [189 164 141]
  [189 166 143]
  ...
  [ 23  11   3]
  [ 22  12   3]
  [ 21  13   4]]

 [[189 166 145]
  [191 165 143]
  [191 166 144]
  ...
  [ 29  17   7]
  [ 24  14   6]
  [ 19  12   3]]

 ...

 [[ 55  42  33]
  [ 84  68  53]
  [127 105  82]
  ...
  [103 110 111]
  [108 112 113]
  [ 94 101 102]]

 [[ 78  62  46]
  [ 82  61  45]
  [119  96  77]
  ...
  [105 112 114]
  [112 117 119]
  [104 108 110]]

 [[192 157 120]
  [194 161 124]
  [200 169 136]
  ...
  [107 112 115]
  [104 111 114]
  [110 115 119]]]",1
111,"[[[ 25  25  21]
  [ 21  18  14]
  [ 23  19  15]
  ...
  [149 141 134]
  [ 66  60  60]
  [ 16  15  15]]

 [[ 27  27  23]
  [ 23  19  15]
  [ 25  21  17]
  ...
  [156 155 149]
  [102  97  95]
  [ 21  20  20]]

 [[ 29  30  26]
  [ 28  26  24]
  [ 34  32  30]
  ...
  [159 159 156]
  [105 102 101]
  [ 20  19  19]]

 ...

 [[110 102  87]
  [124 114  99]
  [127 117  98]
  ...
  [120 103  94]
  [118 101  91]
  [118 101  92]]

 [[108 104  93]
  [115 111 103]
  [123 122 114]
  ...
  [116  99  89]
  [113  95  85]
  [107  88  79]]

 [[116 117 115]
  [126 128 126]
  [131 135 133]
  ...
  [111  93  83]
  [106  88  79]
  [100  83  75]]]",1
112,"[[[ 7 14  7]
  [ 8 13  7]
  [ 9 14  8]
  ...
  [ 7 14  6]
  [ 8 15  8]
  [ 7 14  7]]

 [[ 8 15  7]
  [ 7 13  6]
  [ 7 13  7]
  ...
  [ 8 15  7]
  [ 8 15  8]
  [ 8 15  8]]

 [[ 8 15  7]
  [ 7 14  6]
  [ 7 14  6]
  ...
  [ 9 16  9]
  [10 16 10]
  [10 16 10]]

 ...

 [[14 55 25]
  [21 58 33]
  [21 58 33]
  ...
  [17 33 16]
  [15 29 12]
  [12 26  9]]

 [[15 55 25]
  [20 58 31]
  [18 56 30]
  ...
  [19 36 18]
  [17 34 16]
  [13 27 10]]

 [[15 54 25]
  [18 57 30]
  [15 55 28]
  ...
  [19 35 18]
  [18 36 18]
  [16 33 15]]]",
113,"[[[140 172 201]
  [139 173 201]
  [139 173 201]
  ...
  [142 173 202]
  [142 173 201]
  [142 173 201]]

 [[143 174 203]
  [142 174 203]
  [142 174 203]
  ...
  [142 174 203]
  [144 174 203]
  [144 173 203]]

 [[144 175 204]
  [143 175 204]
  [144 175 204]
  ...
  [145 176 205]
  [145 175 205]
  [145 175 204]]

 ...

 [[102  99  87]
  [ 99 101  88]
  [100 104  88]
  ...
  [ 50  54  52]
  [ 50  54  52]
  [ 49  52  49]]

 [[ 88  90  76]
  [ 75  81  67]
  [ 77  84  67]
  ...
  [ 33  40  42]
  [ 41  46  45]
  [ 40  44  43]]

 [[111 105  88]
  [115 108  89]
  [116 109  89]
  ...
  [ 66  68  56]
  [ 66  67  56]
  [ 61  62  53]]]",0
114,"[[[164 178 186]
  [165 179 187]
  [167 180 189]
  ...
  [166 177 181]
  [166 177 181]
  [165 176 181]]

 [[163 177 186]
  [166 179 187]
  [168 180 189]
  ...
  [168 177 182]
  [166 177 181]
  [166 177 181]]

 [[163 178 187]
  [166 180 188]
  [168 181 190]
  ...
  [168 178 183]
  [168 178 183]
  [167 178 182]]

 ...

 [[144 118  80]
  [133 108  72]
  [ 64  56  39]
  ...
  [122 101  70]
  [105  88  62]
  [156 125  86]]

 [[144 118  80]
  [112  94  70]
  [ 37  50  66]
  ...
  [ 96  82  60]
  [113  93  65]
  [164 130  89]]

 [[146 119  80]
  [108  88  63]
  [ 31  38  44]
  ...
  [107  90  61]
  [140 113  75]
  [158 128  85]]]",0
115,"[[[123 128 122]
  [126 129 124]
  [126 130 124]
  ...
  [107 115 129]
  [110 118 131]
  [112 118 132]]

 [[122 123 105]
  [125 126 108]
  [124 125 107]
  ...
  [108 117 130]
  [109 118 130]
  [110 118 131]]

 [[120 121 111]
  [122 124 114]
  [121 125 114]
  ...
  [109 117 130]
  [106 115 127]
  [105 115 125]]

 ...

 [[131 137 124]
  [131 137 123]
  [129 136 123]
  ...
  [ 15  13  11]
  [ 15  14  10]
  [ 16  13   9]]

 [[131 137 122]
  [131 137 124]
  [131 137 123]
  ...
  [ 15  13  11]
  [ 15  14  10]
  [ 16  13  10]]

 [[130 136 121]
  [131 136 122]
  [132 136 122]
  ...
  [ 15  13  11]
  [ 14  14   9]
  [ 16  12  10]]]",1
116,"[[[ 36  36  26]
  [ 35  35  25]
  [ 29  28  21]
  ...
  [ 48  44  33]
  [ 51  47  36]
  [ 50  46  37]]

 [[ 37  37  28]
  [ 36  36  27]
  [ 30  30  22]
  ...
  [ 50  46  34]
  [ 53  49  37]
  [ 51  48  37]]

 [[ 39  37  30]
  [ 37  37  29]
  [ 31  30  23]
  ...
  [ 51  48  36]
  [ 55  50  38]
  [ 53  49  38]]

 ...

 [[141 151 151]
  [151 161 160]
  [164 173 172]
  ...
  [169 185 183]
  [165 180 177]
  [157 173 168]]

 [[135 143 143]
  [143 151 152]
  [153 161 161]
  ...
  [166 181 177]
  [161 176 172]
  [156 168 164]]

 [[121 130 131]
  [128 137 138]
  [137 145 144]
  ...
  [161 176 171]
  [156 171 166]
  [152 165 161]]]",1
117,"[[[ 21  39  17]
  [ 21  37  18]
  [ 22  36  16]
  ...
  [ 13  40  10]
  [ 10  26   6]
  [ 10  24   4]]

 [[ 20  39  18]
  [ 21  38  17]
  [ 23  38  18]
  ...
  [ 14  29   8]
  [ 15  30   8]
  [ 11  24   6]]

 [[ 20  41  16]
  [ 20  40  15]
  [ 23  39  18]
  ...
  [ 14  30   8]
  [ 14  27   9]
  [ 10  23   6]]

 ...

 [[ 30  46  19]
  [ 21  39  19]
  [ 31  43  23]
  ...
  [ 45 120  19]
  [ 40 110  12]
  [ 36  99  10]]

 [[ 21  49  17]
  [ 18  46  17]
  [ 30  36  16]
  ...
  [ 19  65  12]
  [  9  63   9]
  [ 10  65   8]]

 [[ 18  59  20]
  [ 15  60  17]
  [ 19  62  21]
  ...
  [ 10  49  13]
  [  7  58  12]
  [  7  64  12]]]",0
118,"[[[227 234 209]
  [179 167 140]
  [115  78  29]
  ...
  [102  15  10]
  [101  14  10]
  [101  15   8]]

 [[228 236 212]
  [165 154 127]
  [122  85  31]
  ...
  [105  15   8]
  [103  14  10]
  [101  14   8]]

 [[217 221 204]
  [128 112  79]
  [119  85  25]
  ...
  [106  16   9]
  [105  16  10]
  [102  14   9]]

 ...

 [[ 79  41   4]
  [ 80  43   5]
  [ 78  46   7]
  ...
  [ 90  76  41]
  [102  93  62]
  [100  94  63]]

 [[ 82  46   7]
  [ 75  38   4]
  [ 74  41   5]
  ...
  [102  93  69]
  [118 111  96]
  [ 99  93  65]]

 [[ 88  55   7]
  [ 84  47   5]
  [ 79  45   9]
  ...
  [ 95  88  62]
  [ 95  87  64]
  [ 67  55  27]]]",1
119,"[[[242 110 241]
  [224 169 239]
  [ 83  85  72]
  ...
  [ 17   7   7]
  [ 12  10   9]
  [ 57  34  34]]

 [[237  60 210]
  [232 148 245]
  [114 104 117]
  ...
  [ 19   4   7]
  [ 29  21  20]
  [ 93  65  60]]

 [[229  44 191]
  [231  94 227]
  [167 125 179]
  ...
  [ 28   9  14]
  [ 60  38  40]
  [114  80  76]]

 ...

 [[ 17  54   4]
  [ 31  74  20]
  [ 58 107  48]
  ...
  [  5   6   4]
  [ 17  23  13]
  [ 18  22  12]]

 [[ 37  80  16]
  [ 49  96  32]
  [ 72 126  53]
  ...
  [ 28  41  18]
  [ 43  60  31]
  [ 46  53  36]]

 [[ 64 117  57]
  [ 51 101  31]
  [ 74 127  63]
  ...
  [ 46  70  27]
  [ 44  68  29]
  [ 53  58  42]]]",
120,"[[[113 104  88]
  [113 103  87]
  [112 101  85]
  ...
  [ 42  50  39]
  [ 48  55  44]
  [ 52  57  47]]

 [[109 101  85]
  [109 100  84]
  [109  99  83]
  ...
  [ 66  67  58]
  [ 66  69  58]
  [ 66  71  59]]

 [[114 104  88]
  [112 102  88]
  [110 100  85]
  ...
  [ 83  81  70]
  [ 83  80  70]
  [ 85  81  72]]

 ...

 [[140 144 141]
  [144 149 150]
  [146 149 150]
  ...
  [165 171 183]
  [161 167 178]
  [160 166 180]]

 [[147 150 151]
  [148 153 156]
  [149 154 160]
  ...
  [173 182 190]
  [165 174 184]
  [162 168 182]]

 [[147 153 160]
  [150 154 159]
  [151 155 160]
  ...
  [163 170 182]
  [162 170 183]
  [161 169 182]]]",0
121,"[[[32 27 23]
  [22 17 15]
  [13  8  7]
  ...
  [93 80 54]
  [89 77 53]
  [88 76 52]]

 [[34 29 25]
  [24 18 15]
  [14  9  8]
  ...
  [95 81 55]
  [92 78 54]
  [90 77 53]]

 [[37 32 26]
  [26 21 17]
  [16 10  9]
  ...
  [96 82 55]
  [94 80 54]
  [90 78 54]]

 ...

 [[34 40 40]
  [34 41 39]
  [40 46 44]
  ...
  [53 55 57]
  [50 53 57]
  [64 67 73]]

 [[34 41 39]
  [34 40 38]
  [39 46 43]
  ...
  [80 78 75]
  [75 73 72]
  [63 63 64]]

 [[36 40 37]
  [34 40 39]
  [36 44 42]
  ...
  [84 79 75]
  [84 79 76]
  [77 75 72]]]",1
122,,0.0
123,"[[[23 47 11]
  [25 50 12]
  [30 53 13]
  ...
  [24 37 23]
  [23 37 22]
  [23 35 23]]

 [[24 47 13]
  [24 48 12]
  [28 51 13]
  ...
  [23 36 23]
  [24 37 22]
  [23 34 22]]

 [[22 46 12]
  [24 48 12]
  [26 50 12]
  ...
  [23 38 23]
  [24 39 21]
  [23 35 20]]

 ...

 [[63 64 47]
  [83 77 60]
  [63 56 41]
  ...
  [34 66 11]
  [35 67 10]
  [35 69 10]]

 [[53 64 34]
  [56 65 34]
  [59 56 38]
  ...
  [33 63 11]
  [33 65 11]
  [33 66 10]]

 [[33 56 15]
  [36 58 17]
  [55 55 33]
  ...
  [40 61 15]
  [38 63 13]
  [36 64 11]]]",0
124,"[[[ 74 133  44]
  [ 96 151  39]
  [145 189 133]
  ...
  [ 10 121   9]
  [  8 120   5]
  [  6 119   4]]

 [[ 79 142  29]
  [ 90 152  25]
  [166 205 151]
  ...
  [ 34 139  24]
  [ 17 133   7]
  [ 13 130   6]]

 [[ 85 151  38]
  [ 84 151  35]
  [143 191 105]
  ...
  [ 41 126  13]
  [ 22 124  16]
  [ 29 138   7]]

 ...

 [[ 99 130  84]
  [104 128  64]
  [114 136  96]
  ...
  [ 56 122  15]
  [ 46 109  12]
  [ 87 142  81]]

 [[ 81 122  80]
  [105 133  74]
  [118 139  94]
  ...
  [ 58 126  46]
  [ 32  98  27]
  [ 29  96  26]]

 [[ 71 121  73]
  [105 135  84]
  [114 137  79]
  ...
  [114 180  83]
  [120 173  83]
  [ 51 127  29]]]",0
125,"[[[ 96 122 169]
  [ 97 122 171]
  [ 97 124 172]
  ...
  [ 84 109 150]
  [ 85 110 151]
  [ 84 110 151]]

 [[ 98 125 171]
  [101 125 172]
  [100 127 173]
  ...
  [ 85 110 150]
  [ 85 110 151]
  [ 84 110 150]]

 [[ 98 125 171]
  [ 97 124 171]
  [ 94 122 168]
  ...
  [ 82 108 147]
  [ 83 108 148]
  [ 81 108 146]]

 ...

 [[ 80  77  78]
  [ 72  72  72]
  [ 66  65  65]
  ...
  [ 15  16  14]
  [ 44  46  52]
  [ 58  64  76]]

 [[ 71  68  67]
  [ 66  65  66]
  [ 66  65  68]
  ...
  [ 37  38  41]
  [ 61  65  79]
  [ 68  73  91]]

 [[ 47  46  46]
  [ 47  47  47]
  [ 55  55  57]
  ...
  [ 61  63  74]
  [ 65  71  87]
  [ 64  72  90]]]",1
126,"[[[122 126 129]
  [ 99 103 102]
  [ 33  34  32]
  ...
  [132 138 144]
  [133 137 143]
  [130 135 140]]

 [[122 125 128]
  [ 83  87  86]
  [ 17  19  17]
  ...
  [135 140 145]
  [132 137 142]
  [130 136 140]]

 [[118 121 124]
  [ 78  82  80]
  [ 12  14  12]
  ...
  [133 138 143]
  [130 134 139]
  [129 133 137]]

 ...

 [[ 23  33  26]
  [ 23  54  17]
  [ 34  80  26]
  ...
  [ 48  44  36]
  [ 75  69  58]
  [ 90  86  69]]

 [[ 16  23  22]
  [ 24  48  25]
  [ 36  87  31]
  ...
  [ 42  40  34]
  [ 52  52  42]
  [ 59  82  41]]

 [[ 21  41  23]
  [ 24  50  28]
  [ 41  96  39]
  ...
  [ 43  38  34]
  [ 44  54  35]
  [ 49  71  32]]]",1
